date,season,totalRainMM,totalPrecipMM
2010-01-01,winter,0.0,4.9
2010-01-02,winter,0.0,4.1
2010-01-03,winter,0.0,1.1
2010-01-04,winter,0.0,0.5
2010-01-05,winter,0.0,0.0
2010-01-06,winter,0.2,0.6
2010-01-07,winter,0.0,6.15
2010-01-08,winter,0.0,1.2999999999999998
2010-01-09,winter,0.0,0.0
2010-01-10,winter,0.0,0.0
2010-01-11,winter,0.0,1.4500000000000002
2010-01-12,winter,0.0,0.0
2010-01-13,winter,0.0,0.0
2010-01-14,winter,0.2,0.1
2010-01-15,winter,,0.0
2010-01-16,winter,0.0,0.0
2010-01-17,winter,0.0,0.0
2010-01-18,winter,0.3,0.15
2010-01-19,winter,0.0,0.7000000000000001
2010-01-20,winter,0.0,0.0
2010-01-21,winter,0.0,0.0
2010-01-22,winter,0.0,0.0
2010-01-23,winter,0.0,0.0
2010-01-24,winter,11.7,10.9
2010-01-25,winter,1.0,2.6
2010-01-26,winter,0.0,1.35
2010-01-27,winter,0.0,0.4
2010-01-28,winter,0.0,1.3
2010-01-29,winter,0.0,1.0
2010-01-30,winter,0.0,0.0
2010-01-31,winter,0.0,0.4
2010-02-01,winter,0.0,0.0
2010-02-02,winter,0.0,2.4
2010-02-03,winter,0.0,1.2
2010-02-04,winter,0.0,0.0
2010-02-05,winter,0.0,0.0
2010-02-06,winter,0.0,0.0
2010-02-07,winter,0.0,0.0
2010-02-08,winter,,0.0
2010-02-09,winter,0.0,2.95
2010-02-10,winter,0.0,2.15
2010-02-11,winter,,0.0
2010-02-12,winter,0.0,0.1
2010-02-13,winter,0.0,0.65
2010-02-14,winter,0.0,0.75
2010-02-15,winter,0.0,0.0
2010-02-16,winter,0.0,0.1
2010-02-17,winter,0.0,0.6
2010-02-18,winter,0.0,0.0
2010-02-19,winter,0.0,0.0
2010-02-20,winter,0.0,0.0
2010-02-21,winter,0.0,0.0
2010-02-22,winter,0.0,11.3
2010-02-23,winter,0.0,0.95
2010-02-24,winter,0.0,0.25
2010-02-25,winter,0.0,3.65
2010-02-26,winter,0.0,2.7
2010-02-27,winter,0.0,3.9
2010-02-28,winter,0.0,0.0
2010-03-01,spring,0.0,0.0
2010-03-02,spring,0.0,0.0
2010-03-03,spring,0.0,0.0
2010-03-04,spring,0.0,0.0
2010-03-05,spring,0.0,0.0
2010-03-06,spring,0.0,0.0
2010-03-07,spring,0.0,0.0
2010-03-08,spring,0.0,0.0
2010-03-09,spring,0.0,0.0
2010-03-10,spring,0.0,0.0
2010-03-11,spring,0.0,0.0
2010-03-12,spring,3.2,2.9000000000000004
2010-03-13,spring,16.0,15.55
2010-03-14,spring,1.9,2.6
2010-03-15,spring,0.0,0.55
2010-03-16,spring,0.0,0.0
2010-03-17,spring,0.0,0.0
2010-03-18,spring,0.0,0.0
2010-03-19,spring,0.0,0.0
2010-03-20,spring,,0.0
2010-03-21,spring,0.0,0.0
2010-03-22,spring,4.4,4.1
2010-03-23,spring,0.0,0.0
2010-03-24,spring,0.0,0.0
2010-03-25,spring,,0.0
2010-03-26,spring,0.0,0.0
2010-03-27,spring,0.0,0.0
2010-03-28,spring,9.0,8.45
2010-03-29,spring,0.0,0.0
2010-03-30,spring,0.0,0.0
2010-03-31,spring,0.0,0.5
2010-04-01,spring,0.0,0.0
2010-04-02,spring,0.0,0.0
2010-04-03,spring,,0.0
2010-04-04,spring,1.0,0.5
2010-04-05,spring,15.6,7.8
2010-04-06,spring,6.0,14.65
2010-04-07,spring,30.0,26.65
2010-04-08,spring,7.2,10.15
2010-04-09,spring,0.0,0.3
2010-04-10,spring,0.0,0.0
2010-04-11,spring,0.0,0.0
2010-04-12,spring,3.7,1.85
2010-04-13,spring,0.0,1.4
2010-04-14,spring,0.0,0.0
2010-04-15,spring,,0.0
2010-04-16,spring,,0.0
2010-04-17,spring,,2.1
2010-04-18,spring,,0.0
2010-04-19,spring,,0.0
2010-04-20,spring,,0.0
2010-04-21,spring,,0.0
2010-04-22,spring,,0.0
2010-04-23,spring,,0.0
2010-04-24,spring,,0.0
2010-04-25,spring,,11.4
2010-04-26,spring,,0.0
2010-04-27,spring,,0.0
2010-04-28,spring,,0.0
2010-04-29,spring,,0.0
2010-04-30,spring,,0.0
2010-05-01,spring,,2.2
2010-05-02,spring,,0.0
2010-05-03,spring,,3.9
2010-05-04,spring,,1.1
2010-05-05,spring,,5.9
2010-05-06,spring,,0.0
2010-05-07,spring,,15.2
2010-05-08,spring,,3.7
2010-05-09,spring,,0.0
2010-05-10,spring,,0.0
2010-05-11,spring,,13.8
2010-05-12,spring,,0.0
2010-05-13,spring,,28.3
2010-05-14,spring,,0.0
2010-05-15,spring,,0.0
2010-05-16,spring,,0.0
2010-05-17,spring,,0.0
2010-05-18,spring,,0.0
2010-05-19,spring,,0.0
2010-05-20,spring,,0.0
2010-05-21,spring,,0.0
2010-05-22,spring,,9.9
2010-05-23,spring,,0.0
2010-05-24,spring,,0.0
2010-05-25,spring,,0.0
2010-05-26,spring,,0.0
2010-05-27,spring,,0.0
2010-05-28,spring,,1.2
2010-05-29,spring,,0.0
2010-05-30,spring,,0.0
2010-05-31,spring,,29.0
2010-06-01,summer,,13.8
2010-06-02,summer,,6.8
2010-06-03,summer,,16.5
2010-06-04,summer,,21.2
2010-06-05,summer,,7.4
2010-06-06,summer,,22.4
2010-06-07,summer,,0.0
2010-06-08,summer,,0.0
2010-06-09,summer,,6.1
2010-06-10,summer,,0.0
2010-06-11,summer,,0.0
2010-06-12,summer,,0.0
2010-06-13,summer,,0.0
2010-06-14,summer,,0.0
2010-06-15,summer,,0.0
2010-06-16,summer,,14.9
2010-06-17,summer,,0.0
2010-06-18,summer,,0.0
2010-06-19,summer,,0.0
2010-06-20,summer,,0.0
2010-06-21,summer,,0.0
2010-06-22,summer,,11.2
2010-06-23,summer,,1.5
2010-06-24,summer,,0.0
2010-06-25,summer,,0.0
2010-06-26,summer,,0.0
2010-06-27,summer,,10.9
2010-06-28,summer,,0.0
2010-06-29,summer,,0.0
2010-06-30,summer,,0.0
2010-07-01,summer,,0.0
2010-07-02,summer,,0.0
2010-07-03,summer,,0.0
2010-07-04,summer,,0.0
2010-07-05,summer,,0.0
2010-07-06,summer,,0.0
2010-07-07,summer,,31.8
2010-07-08,summer,,0.0
2010-07-09,summer,,8.4
2010-07-10,summer,,0.0
2010-07-11,summer,,0.0
2010-07-12,summer,,12.0
2010-07-13,summer,,0.0
2010-07-14,summer,,0.0
2010-07-15,summer,,18.2
2010-07-16,summer,,0.0
2010-07-17,summer,,0.0
2010-07-18,summer,,7.6
2010-07-19,summer,,0.0
2010-07-20,summer,,0.0
2010-07-21,summer,,4.5
2010-07-22,summer,,3.7
2010-07-23,summer,,5.0
2010-07-24,summer,,10.2
2010-07-25,summer,,0.0
2010-07-26,summer,,0.0
2010-07-27,summer,,0.0
2010-07-28,summer,,7.4
2010-07-29,summer,,0.0
2010-07-30,summer,,0.0
2010-07-31,summer,,1.1
2010-08-01,summer,,0.0
2010-08-02,summer,,0.0
2010-08-03,summer,,0.0
2010-08-04,summer,,1.9
2010-08-05,summer,,0.0
2010-08-06,summer,,0.0
2010-08-07,summer,,0.0
2010-08-08,summer,,0.0
2010-08-09,summer,,0.8
2010-08-10,summer,,0.0
2010-08-11,summer,,0.0
2010-08-12,summer,,0.0
2010-08-13,summer,,0.0
2010-08-14,summer,,0.0
2010-08-15,summer,,0.0
2010-08-16,summer,,0.0
2010-08-17,summer,,0.0
2010-08-18,summer,,0.0
2010-08-19,summer,,0.0
2010-08-20,summer,,0.0
2010-08-21,summer,,34.7
2010-08-22,summer,,2.1
2010-08-23,summer,,0.0
2010-08-24,summer,,0.0
2010-08-25,summer,,0.0
2010-08-26,summer,,0.0
2010-08-27,summer,,0.0
2010-08-28,summer,,0.0
2010-08-29,summer,,0.0
2010-08-30,summer,,0.0
2010-08-31,summer,,0.0
2010-09-01,fall,,0.0
2010-09-02,fall,,9.2
2010-09-03,fall,,35.8
2010-09-04,fall,,0.8
2010-09-05,fall,,0.6
2010-09-06,fall,,0.0
2010-09-07,fall,,0.0
2010-09-08,fall,,0.8
2010-09-09,fall,,0.7
2010-09-10,fall,,0.0
2010-09-11,fall,,5.5
2010-09-12,fall,,0.0
2010-09-13,fall,,0.0
2010-09-14,fall,,0.0
2010-09-15,fall,,0.0
2010-09-16,fall,,19.7
2010-09-17,fall,,0.0
2010-09-18,fall,,0.0
2010-09-19,fall,,0.0
2010-09-20,fall,,0.6
2010-09-21,fall,,0.0
2010-09-22,fall,,6.0
2010-09-23,fall,,0.0
2010-09-24,fall,,0.0
2010-09-25,fall,,2.0
2010-09-26,fall,,0.0
2010-09-27,fall,,1.5
2010-09-28,fall,,24.6
2010-09-29,fall,,0.6
2010-09-30,fall,,0.0
2010-10-01,fall,,0.0
2010-10-02,fall,,11.4
2010-10-03,fall,,2.3
2010-10-04,fall,,0.6
2010-10-05,fall,,6.8
2010-10-06,fall,,0.8
2010-10-07,fall,,0.7
2010-10-08,fall,,0.0
2010-10-09,fall,,0.0
2010-10-10,fall,,0.0
2010-10-11,fall,,8.4
2010-10-12,fall,,0.0
2010-10-13,fall,,5.7
2010-10-14,fall,,19.2
2010-10-15,fall,,0.0
2010-10-16,fall,,0.0
2010-10-17,fall,,0.0
2010-10-18,fall,,0.0
2010-10-19,fall,,0.0
2010-10-20,fall,,9.5
2010-10-21,fall,,8.5
2010-10-22,fall,,1.3
2010-10-23,fall,,0.8
2010-10-24,fall,,0.8
2010-10-25,fall,,0.0
2010-10-26,fall,,7.5
2010-10-27,fall,,0.6
2010-10-28,fall,,0.0
2010-10-29,fall,,3.0
2010-10-30,fall,,0.0
2010-10-31,fall,,0.0
2010-11-01,fall,0.0,0.0
2010-11-02,fall,0.0,0.0
2010-11-03,fall,0.3,0.15
2010-11-04,fall,1.2,0.8999999999999999
2010-11-05,fall,0.6,0.3
2010-11-06,fall,0.0,0.3
2010-11-07,fall,0.0,0.0
2010-11-08,fall,0.0,0.0
2010-11-09,fall,0.0,0.0
2010-11-10,fall,0.0,0.0
2010-11-11,fall,0.0,0.0
2010-11-12,fall,0.0,0.0
2010-11-13,fall,1.1,0.55
2010-11-14,fall,0.0,0.3
2010-11-15,fall,0.0,0.0
2010-11-16,fall,16.1,13.45
2010-11-17,fall,3.5,3.85
2010-11-18,fall,4.4,5.1
2010-11-19,fall,0.0,0.0
2010-11-20,fall,0.0,0.0
2010-11-21,fall,,0.0
2010-11-22,fall,25.4,18.75
2010-11-23,fall,0.0,5.95
2010-11-24,fall,0.6,0.3
2010-11-25,fall,13.4,13.4
2010-11-26,fall,0.0,0.1
2010-11-27,fall,0.0,0.7
2010-11-28,fall,0.0,0.0
2010-11-29,fall,13.4,6.7
2010-11-30,fall,13.4,18.9
2010-12-01,winter,0.0,1.0499999999999998
2010-12-02,winter,0.0,0.55
2010-12-03,winter,0.0,1.5499999999999998
2010-12-04,winter,0.0,0.6
2010-12-05,winter,0.0,18.1
2010-12-06,winter,0.0,24.5
2010-12-07,winter,0.0,9.85
2010-12-08,winter,0.0,2.9000000000000004
2010-12-09,winter,0.0,1.35
2010-12-10,winter,0.0,1.25
2010-12-11,winter,0.0,0.7
2010-12-12,winter,0.0,15.7
2010-12-13,winter,0.0,0.0
2010-12-14,winter,0.0,8.1
2010-12-15,winter,0.0,1.9
2010-12-16,winter,0.0,0.0
2010-12-17,winter,0.0,0.0
2010-12-18,winter,0.0,0.0
2010-12-19,winter,0.0,0.2
2010-12-20,winter,0.0,0.0
2010-12-21,winter,0.0,0.0
2010-12-22,winter,0.0,0.6
2010-12-23,winter,0.2,0.2
2010-12-24,winter,0.0,0.0
2010-12-25,winter,0.0,0.0
2010-12-26,winter,0.0,0.0
2010-12-27,winter,0.0,0.0
2010-12-28,winter,0.0,0.0
2010-12-29,winter,0.0,0.0
2010-12-30,winter,,0.7
2010-12-31,winter,7.7,4.65
2011-01-01,winter,12.5,14.6
2011-01-02,winter,0.0,0.0
2011-01-03,winter,0.0,1.1
2011-01-04,winter,0.0,3.45
2011-01-05,winter,0.0,0.3
2011-01-06,winter,0.0,2.85
2011-01-07,winter,0.0,0.0
2011-01-08,winter,0.0,2.2
2011-01-09,winter,0.0,1.75
2011-01-10,winter,0.0,0.0
2011-01-11,winter,0.0,4.95
2011-01-12,winter,0.0,1.7000000000000002
2011-01-13,winter,0.0,0.7
2011-01-14,winter,0.0,2.2
2011-01-15,winter,0.0,4.35
2011-01-16,winter,0.0,0.7
2011-01-17,winter,0.0,0.0
2011-01-18,winter,3.0,2.75
2011-01-19,winter,0.0,0.2
2011-01-20,winter,0.0,2.75
2011-01-21,winter,0.0,0.85
2011-01-22,winter,0.0,0.8999999999999999
2011-01-23,winter,0.0,0.0
2011-01-24,winter,,1.7
2011-01-25,winter,0.0,0.6
2011-01-26,winter,0.0,0.2
2011-01-27,winter,0.0,0.9
2011-01-28,winter,0.0,0.85
2011-01-29,winter,0.0,3.1
2011-01-30,winter,0.0,0.0
2011-01-31,winter,0.0,1.5
2011-02-01,winter,0.0,9.35
2011-02-02,winter,0.0,6.45
2011-02-03,winter,0.0,0.0
2011-02-04,winter,0.0,0.3
2011-02-05,winter,0.0,12.15
2011-02-06,winter,0.0,1.2000000000000002
2011-02-07,winter,0.0,0.6
2011-02-08,winter,0.0,1.7
2011-02-09,winter,0.0,0.35
2011-02-10,winter,0.0,1.7
2011-02-11,winter,0.0,1.6
2011-02-12,winter,0.0,3.45
2011-02-13,winter,0.0,1.9
2011-02-14,winter,,0.0
2011-02-15,winter,0.0,0.0
2011-02-16,winter,0.7,0.35
2011-02-17,winter,0.0,0.35
2011-02-18,winter,0.0,0.0
2011-02-19,winter,0.0,0.0
2011-02-20,winter,0.0,10.05
2011-02-21,winter,0.0,2.3
2011-02-22,winter,0.0,0.0
2011-02-23,winter,0.0,1.65
2011-02-24,winter,0.0,3.6
2011-02-25,winter,0.0,1.95
2011-02-26,winter,0.0,4.3
2011-02-27,winter,17.4,9.0
2011-02-28,winter,0.5,9.25
2011-03-01,spring,0.0,0.0
2011-03-02,spring,0.0,0.7
2011-03-03,spring,0.0,0.95
2011-03-04,spring,17.2,9.95
2011-03-05,spring,11.6,24.6
2011-03-06,spring,0.0,1.15
2011-03-07,spring,0.0,0.0
2011-03-08,spring,0.0,0.0
2011-03-09,spring,20.4,18.65
2011-03-10,spring,8.4,15.25
2011-03-11,spring,0.0,13.85
2011-03-12,spring,0.3,0.75
2011-03-13,spring,0.0,0.6
2011-03-14,spring,0.0,0.0
2011-03-15,spring,3.0,3.05
2011-03-16,spring,1.2,1.35
2011-03-17,spring,0.0,0.0
2011-03-18,spring,0.0,0.0
2011-03-19,spring,0.0,0.0
2011-03-20,spring,11.8,8.350000000000001
2011-03-21,spring,0.0,5.0
2011-03-22,spring,0.8,7.4
2011-03-23,spring,0.0,4.1
2011-03-24,spring,0.0,0.0
2011-03-25,spring,0.0,0.0
2011-03-26,spring,0.0,0.0
2011-03-27,spring,0.0,0.3
2011-03-28,spring,0.0,0.0
2011-03-29,spring,0.0,0.0
2011-03-30,spring,0.0,0.0
2011-03-31,spring,0.0,0.0
2011-04-01,spring,0.0,0.0
2011-04-02,spring,0.0,0.0
2011-04-03,spring,4.5,10.75
2011-04-04,spring,8.7,12.0
2011-04-05,spring,0.0,0.0
2011-04-06,spring,5.7,5.7
2011-04-07,spring,0.0,0.0
2011-04-08,spring,0.0,0.0
2011-04-09,spring,0.0,0.0
2011-04-10,spring,0.0,0.0
2011-04-11,spring,1.0,0.85
2011-04-12,spring,0.0,0.0
2011-04-13,spring,0.0,0.0
2011-04-14,spring,0.0,0.0
2011-04-15,spring,,0.0
2011-04-16,spring,,12.4
2011-04-17,spring,,2.2
2011-04-18,spring,,3.4
2011-04-19,spring,,3.5
2011-04-20,spring,,8.1
2011-04-21,spring,,0.6
2011-04-22,spring,,1.1
2011-04-23,spring,,18.1
2011-04-24,spring,,0.0
2011-04-25,spring,,7.4
2011-04-26,spring,,4.5
2011-04-27,spring,,11.4
2011-04-28,spring,,3.7
2011-04-29,spring,,1.5
2011-04-30,spring,,0.0
2011-05-01,spring,,6.3
2011-05-02,spring,,0.0
2011-05-03,spring,,8.0
2011-05-04,spring,,0.6
2011-05-05,spring,,0.0
2011-05-06,spring,,11.0
2011-05-07,spring,,0.6
2011-05-08,spring,,0.0
2011-05-09,spring,,0.0
2011-05-10,spring,,0.0
2011-05-11,spring,,0.0
2011-05-12,spring,,0.0
2011-05-13,spring,,0.0
2011-05-14,spring,,13.6
2011-05-15,spring,,14.8
2011-05-16,spring,,6.8
2011-05-17,spring,,2.3
2011-05-18,spring,,7.0
2011-05-19,spring,,0.0
2011-05-20,spring,,7.5
2011-05-21,spring,,0.0
2011-05-22,spring,,2.6
2011-05-23,spring,,3.7
2011-05-24,spring,,0.0
2011-05-25,spring,,14.6
2011-05-26,spring,,7.2
2011-05-27,spring,,0.0
2011-05-28,spring,,1.0
2011-05-29,spring,,19.5
2011-05-30,spring,,0.0
2011-05-31,spring,,0.0
2011-06-01,summer,,0.0
2011-06-02,summer,,0.0
2011-06-03,summer,,0.0
2011-06-04,summer,,5.6
2011-06-05,summer,,0.0
2011-06-06,summer,,0.0
2011-06-07,summer,,11.5
2011-06-08,summer,,0.0
2011-06-09,summer,,0.0
2011-06-10,summer,,0.0
2011-06-11,summer,,0.0
2011-06-12,summer,,0.0
2011-06-13,summer,,0.0
2011-06-14,summer,,0.0
2011-06-15,summer,,0.0
2011-06-16,summer,,4.6
2011-06-17,summer,,0.0
2011-06-18,summer,,0.0
2011-06-19,summer,,0.0
2011-06-20,summer,,0.0
2011-06-21,summer,,11.3
2011-06-22,summer,,21.4
2011-06-23,summer,,3.2
2011-06-24,summer,,4.1
2011-06-25,summer,,0.8
2011-06-26,summer,,0.0
2011-06-27,summer,,0.0
2011-06-28,summer,,0.0
2011-06-29,summer,,0.0
2011-06-30,summer,,0.0
2011-07-01,summer,,0.0
2011-07-02,summer,,4.7
2011-07-03,summer,,0.0
2011-07-04,summer,,0.0
2011-07-05,summer,,0.0
2011-07-06,summer,,0.0
2011-07-07,summer,,0.0
2011-07-08,summer,,0.0
2011-07-09,summer,,0.0
2011-07-10,summer,,0.0
2011-07-11,summer,,0.0
2011-07-12,summer,,0.0
2011-07-13,summer,,0.0
2011-07-14,summer,,0.0
2011-07-15,summer,,0.0
2011-07-16,summer,,0.0
2011-07-17,summer,,0.0
2011-07-18,summer,,0.0
2011-07-19,summer,,0.0
2011-07-20,summer,,0.0
2011-07-21,summer,,0.0
2011-07-22,summer,,0.0
2011-07-23,summer,,14.1
2011-07-24,summer,,0.0
2011-07-25,summer,,0.0
2011-07-26,summer,,0.6
2011-07-27,summer,,0.0
2011-07-28,summer,,15.9
2011-07-29,summer,,9.4
2011-07-30,summer,,0.0
2011-07-31,summer,,1.4
2011-08-01,summer,,0.0
2011-08-02,summer,,0.9
2011-08-03,summer,,0.7
2011-08-04,summer,,0.0
2011-08-05,summer,,0.0
2011-08-06,summer,,0.0
2011-08-07,summer,,4.7
2011-08-08,summer,,0.0
2011-08-09,summer,,44.9
2011-08-10,summer,,0.0
2011-08-11,summer,,0.6
2011-08-12,summer,,0.0
2011-08-13,summer,,0.0
2011-08-14,summer,,7.7
2011-08-15,summer,,1.2
2011-08-16,summer,,0.0
2011-08-17,summer,,0.0
2011-08-18,summer,,11.9
2011-08-19,summer,,0.0
2011-08-20,summer,,10.9
2011-08-21,summer,,0.0
2011-08-22,summer,,0.6
2011-08-23,summer,,0.0
2011-08-24,summer,,38.2
2011-08-25,summer,,0.0
2011-08-26,summer,,0.0
2011-08-27,summer,,0.0
2011-08-28,summer,,0.0
2011-08-29,summer,,0.0
2011-08-30,summer,,0.0
2011-08-31,summer,,0.0
2011-09-01,fall,,8.4
2011-09-02,fall,,0.0
2011-09-03,fall,,1.0
2011-09-04,fall,,10.5
2011-09-05,fall,,0.0
2011-09-06,fall,,0.0
2011-09-07,fall,,1.8
2011-09-08,fall,,0.7
2011-09-09,fall,,0.0
2011-09-10,fall,,0.0
2011-09-11,fall,,2.5
2011-09-12,fall,,8.5
2011-09-13,fall,,0.0
2011-09-14,fall,,5.7
2011-09-15,fall,,1.9
2011-09-16,fall,,0.0
2011-09-17,fall,,0.0
2011-09-18,fall,,0.0
2011-09-19,fall,,26.9
2011-09-20,fall,,0.0
2011-09-21,fall,,1.3
2011-09-22,fall,,0.0
2011-09-23,fall,,15.9
2011-09-24,fall,,0.0
2011-09-25,fall,,0.0
2011-09-26,fall,,33.5
2011-09-27,fall,,4.1
2011-09-28,fall,,0.0
2011-09-29,fall,,6.0
2011-09-30,fall,,7.8
2011-10-01,fall,,0.0
2011-10-02,fall,,4.1
2011-10-03,fall,,4.8
2011-10-04,fall,,0.0
2011-10-05,fall,,0.0
2011-10-06,fall,,0.0
2011-10-07,fall,,0.0
2011-10-08,fall,,0.0
2011-10-09,fall,,0.0
2011-10-10,fall,,0.0
2011-10-11,fall,,0.0
2011-10-12,fall,,11.2
2011-10-13,fall,,11.9
2011-10-14,fall,,19.6
2011-10-15,fall,,3.9
2011-10-16,fall,,1.0
2011-10-17,fall,,0.0
2011-10-18,fall,,0.8
2011-10-19,fall,,22.4
2011-10-20,fall,,11.5
2011-10-21,fall,,0.0
2011-10-22,fall,,0.0
2011-10-23,fall,,0.0
2011-10-24,fall,,
2011-10-25,fall,,4.8
2011-10-26,fall,,1.9
2011-10-27,fall,,0.0
2011-10-28,fall,,0.0
2011-10-29,fall,,0.0
2011-10-30,fall,,0.0
2011-10-31,fall,,1.7
2011-11-01,fall,0.0,0.1
2011-11-02,fall,0.0,0.0
2011-11-03,fall,0.0,0.0
2011-11-04,fall,0.0,0.0
2011-11-05,fall,0.0,0.0
2011-11-06,fall,0.0,0.0
2011-11-07,fall,0.2,0.1
2011-11-08,fall,,0.0
2011-11-09,fall,4.4,5.45
2011-11-10,fall,0.0,0.0
2011-11-11,fall,0.0,0.4
2011-11-12,fall,0.0,0.0
2011-11-13,fall,0.0,0.0
2011-11-14,fall,9.4,9.6
2011-11-15,fall,0.0,0.0
2011-11-16,fall,0.0,0.0
2011-11-17,fall,0.0,0.2
2011-11-18,fall,0.0,0.0
2011-11-19,fall,,0.0
2011-11-20,fall,0.0,0.0
2011-11-21,fall,0.0,0.0
2011-11-22,fall,20.1,15.75
2011-11-23,fall,0.0,4.4
2011-11-24,fall,0.0,0.1
2011-11-25,fall,0.0,0.0
2011-11-26,fall,4.0,2.0
2011-11-27,fall,19.8,20.75
2011-11-28,fall,21.8,14.4
2011-11-29,fall,39.3,47.3
2011-11-30,fall,0.0,2.5
2011-12-01,winter,0.0,0.4
2011-12-02,winter,0.0,0.95
2011-12-03,winter,,0.0
2011-12-04,winter,11.7,21.6
2011-12-05,winter,25.4,23.55
2011-12-06,winter,0.0,1.15
2011-12-07,winter,0.0,0.0
2011-12-08,winter,0.0,0.9
2011-12-09,winter,0.0,1.3
2011-12-10,winter,0.0,0.0
2011-12-11,winter,0.0,0.0
2011-12-12,winter,0.0,0.0
2011-12-13,winter,0.0,0.0
2011-12-14,winter,13.4,11.8
2011-12-15,winter,9.4,10.45
2011-12-16,winter,0.0,2.7
2011-12-17,winter,0.0,1.9
2011-12-18,winter,0.0,1.6
2011-12-19,winter,0.0,0.0
2011-12-20,winter,0.2,0.1
2011-12-21,winter,5.2,3.55
2011-12-22,winter,2.2,2.75
2011-12-23,winter,0.0,0.0
2011-12-24,winter,0.0,0.2
2011-12-25,winter,0.4,0.55
2011-12-26,winter,0.0,0.1
2011-12-27,winter,3.3,13.1
2011-12-28,winter,0.0,2.25
2011-12-29,winter,0.0,4.3
2011-12-30,winter,9.8,9.7
2011-12-31,winter,,1.1
2012-01-01,winter,5.8,7.5500000000000025
2012-01-02,winter,0.0,10.25
2012-01-03,winter,0.0,6.4
2012-01-04,winter,0.0,0.0
2012-01-05,winter,0.0,0.0
2012-01-06,winter,0.0,0.0
2012-01-07,winter,0.0,0.0
2012-01-08,winter,0.0,0.0
2012-01-09,winter,0.0,0.0
2012-01-10,winter,,0.0
2012-01-11,winter,4.2,2.4
2012-01-12,winter,0.6,3.95
2012-01-13,winter,0.0,3.95
2012-01-14,winter,0.0,1.6
2012-01-15,winter,0.0,0.0
2012-01-16,winter,9.0,7.95
2012-01-17,winter,7.3,8.850000000000003
2012-01-18,winter,0.0,0.4
2012-01-19,winter,0.0,4.05
2012-01-20,winter,0.0,2.55
2012-01-21,winter,0.0,0.1
2012-01-22,winter,0.0,0.0
2012-01-23,winter,9.2,8.7
2012-01-24,winter,0.0,0.2
2012-01-25,winter,0.0,0.8
2012-01-26,winter,7.6,5.3
2012-01-27,winter,,3.95
2012-01-28,winter,0.0,2.95
2012-01-29,winter,0.0,5.35
2012-01-30,winter,0.0,2.7
2012-01-31,winter,0.0,0.0
2012-02-01,winter,0.0,0.0
2012-02-02,winter,0.0,0.0
2012-02-03,winter,0.0,0.1
2012-02-04,winter,0.0,0.0
2012-02-05,winter,0.0,0.0
2012-02-06,winter,0.0,0.0
2012-02-07,winter,0.0,0.2
2012-02-08,winter,0.0,0.0
2012-02-09,winter,0.0,0.0
2012-02-10,winter,0.0,3.65
2012-02-11,winter,0.0,3.9
2012-02-12,winter,0.0,2.45
2012-02-13,winter,0.0,0.0
2012-02-14,winter,0.0,1.05
2012-02-15,winter,3.5,1.75
2012-02-16,winter,0.4,2.5
2012-02-17,winter,0.0,2.05
2012-02-18,winter,0.0,1.25
2012-02-19,winter,0.0,0.2
2012-02-20,winter,0.0,0.0
2012-02-21,winter,2.0,2.75
2012-02-22,winter,0.0,0.2
2012-02-23,winter,0.0,1.1
2012-02-24,winter,1.6,5.8
2012-02-25,winter,0.0,1.3
2012-02-26,winter,0.0,0.0
2012-02-27,winter,0.0,0.0
2012-02-28,winter,0.0,0.0
2012-02-29,winter,6.2,4.95
2012-03-01,spring,0.0,2.05
2012-03-02,spring,15.2,13.05
2012-03-03,spring,0.0,0.5
2012-03-04,spring,0.0,1.3
2012-03-05,spring,0.0,0.0
2012-03-06,spring,0.0,0.0
2012-03-07,spring,0.0,0.0
2012-03-08,spring,5.4,6.0500000000000025
2012-03-09,spring,0.0,0.9
2012-03-10,spring,0.0,0.1
2012-03-11,spring,0.0,0.0
2012-03-12,spring,11.4,13.25
2012-03-13,spring,0.0,1.95
2012-03-14,spring,0.0,0.1
2012-03-15,spring,3.0,2.65
2012-03-16,spring,0.0,0.1
2012-03-17,spring,0.0,0.0
2012-03-18,spring,0.0,0.0
2012-03-19,spring,0.0,0.0
2012-03-20,spring,0.0,0.1
2012-03-21,spring,0.0,0.0
2012-03-22,spring,0.0,0.0
2012-03-23,spring,1.4,0.7
2012-03-24,spring,1.0,1.05
2012-03-25,spring,0.0,0.0
2012-03-26,spring,0.0,0.1
2012-03-27,spring,0.0,0.0
2012-03-28,spring,,0.0
2012-03-29,spring,0.0,0.0
2012-03-30,spring,2.2,2.6
2012-03-31,spring,0.0,0.0
2012-04-01,spring,1.6,1.8
2012-04-02,spring,0.0,0.0
2012-04-03,spring,,0.0
2012-04-04,spring,0.0,0.0
2012-04-05,spring,0.0,0.0
2012-04-06,spring,0.0,0.0
2012-04-07,spring,0.0,0.1
2012-04-08,spring,0.4,0.35
2012-04-09,spring,0.0,0.0
2012-04-10,spring,0.5,0.75
2012-04-11,spring,0.0,0.25
2012-04-12,spring,0.0,0.1
2012-04-13,spring,,0.0
2012-04-14,spring,0.4,0.45
2012-04-15,spring,,5.6
2012-04-16,spring,,0.0
2012-04-17,spring,,0.2
2012-04-18,spring,,0.0
2012-04-19,spring,,0.6
2012-04-20,spring,,5.3
2012-04-21,spring,,1.3
2012-04-22,spring,,0.0
2012-04-23,spring,,0.0
2012-04-24,spring,,1.9
2012-04-25,spring,,0.0
2012-04-26,spring,,0.2
2012-04-27,spring,,0.0
2012-04-28,spring,,0.0
2012-04-29,spring,,0.0
2012-04-30,spring,,11.9
2012-05-01,spring,,0.2
2012-05-02,spring,,0.0
2012-05-03,spring,,10.2
2012-05-04,spring,,0.8
2012-05-05,spring,,0.0
2012-05-06,spring,,0.0
2012-05-07,spring,,2.6
2012-05-08,spring,,7.4
2012-05-09,spring,,0.2
2012-05-10,spring,,0.0
2012-05-11,spring,,0.0
2012-05-12,spring,,0.6
2012-05-13,spring,,0.3
2012-05-14,spring,,0.0
2012-05-15,spring,,0.0
2012-05-16,spring,,1.7
2012-05-17,spring,,0.0
2012-05-18,spring,,0.0
2012-05-19,spring,,0.0
2012-05-20,spring,,0.0
2012-05-21,spring,,0.0
2012-05-22,spring,,0.0
2012-05-23,spring,,0.0
2012-05-24,spring,,0.0
2012-05-25,spring,,0.0
2012-05-26,spring,,0.0
2012-05-27,spring,,4.2
2012-05-28,spring,,0.0
2012-05-29,spring,,4.0
2012-05-30,spring,,0.2
2012-05-31,spring,,0.0
2012-06-01,summer,,39.6
2012-06-02,summer,,3.5
2012-06-03,summer,,2.7
2012-06-04,summer,,5.7
2012-06-05,summer,,0.0
2012-06-06,summer,,0.0
2012-06-07,summer,,0.0
2012-06-08,summer,,0.0
2012-06-09,summer,,2.5
2012-06-10,summer,,0.0
2012-06-11,summer,,0.8
2012-06-12,summer,,1.9
2012-06-13,summer,,0.0
2012-06-14,summer,,0.0
2012-06-15,summer,,0.0
2012-06-16,summer,,0.0
2012-06-17,summer,,5.1
2012-06-18,summer,,0.0
2012-06-19,summer,,0.0
2012-06-20,summer,,0.0
2012-06-21,summer,,25.8
2012-06-22,summer,,0.0
2012-06-23,summer,,0.0
2012-06-24,summer,,1.0
2012-06-25,summer,,0.0
2012-06-26,summer,,0.0
2012-06-27,summer,,0.0
2012-06-28,summer,,0.0
2012-06-29,summer,,0.0
2012-06-30,summer,,0.0
2012-07-01,summer,,0.0
2012-07-02,summer,,0.0
2012-07-03,summer,,2.7
2012-07-04,summer,,11.9
2012-07-05,summer,,0.0
2012-07-06,summer,,0.0
2012-07-07,summer,,0.0
2012-07-08,summer,,0.0
2012-07-09,summer,,0.0
2012-07-10,summer,,0.0
2012-07-11,summer,,0.0
2012-07-12,summer,,0.0
2012-07-13,summer,,0.0
2012-07-14,summer,,0.0
2012-07-15,summer,,3.1
2012-07-16,summer,,
2012-07-17,summer,,0.0
2012-07-18,summer,,0.0
2012-07-19,summer,,0.8
2012-07-20,summer,,2.0
2012-07-21,summer,,0.0
2012-07-22,summer,,0.0
2012-07-23,summer,,0.0
2012-07-24,summer,,0.0
2012-07-25,summer,,0.0
2012-07-26,summer,,9.7
2012-07-27,summer,,11.5
2012-07-28,summer,,0.9
2012-07-29,summer,,0.0
2012-07-30,summer,,0.0
2012-07-31,summer,,0.2
2012-08-01,summer,,0.0
2012-08-02,summer,,0.0
2012-08-03,summer,,0.0
2012-08-04,summer,,0.0
2012-08-05,summer,,1.8
2012-08-06,summer,,0.0
2012-08-07,summer,,0.0
2012-08-08,summer,,0.0
2012-08-09,summer,,5.6
2012-08-10,summer,,22.3
2012-08-11,summer,,6.8
2012-08-12,summer,,6.2
2012-08-13,summer,,0.9
2012-08-14,summer,,14.9
2012-08-15,summer,,0.0
2012-08-16,summer,,0.0
2012-08-17,summer,,1.4
2012-08-18,summer,,0.0
2012-08-19,summer,,0.0
2012-08-20,summer,,0.0
2012-08-21,summer,,0.0
2012-08-22,summer,,0.0
2012-08-23,summer,,0.0
2012-08-24,summer,,0.0
2012-08-25,summer,,0.0
2012-08-26,summer,,0.0
2012-08-27,summer,,1.1
2012-08-28,summer,,0.0
2012-08-29,summer,,0.0
2012-08-30,summer,,0.0
2012-08-31,summer,,0.0
2012-09-01,fall,,0.0
2012-09-02,fall,,0.0
2012-09-03,fall,,0.0
2012-09-04,fall,,12.6
2012-09-05,fall,,0.0
2012-09-06,fall,,0.0
2012-09-07,fall,,6.4
2012-09-08,fall,,21.8
2012-09-09,fall,,0.8
2012-09-10,fall,,0.0
2012-09-11,fall,,0.0
2012-09-12,fall,,0.0
2012-09-13,fall,,0.0
2012-09-14,fall,,8.8
2012-09-15,fall,,0.0
2012-09-16,fall,,0.0
2012-09-17,fall,,0.0
2012-09-18,fall,,26.4
2012-09-19,fall,,0.2
2012-09-20,fall,,3.0
2012-09-21,fall,,6.3
2012-09-22,fall,,2.1
2012-09-23,fall,,0.0
2012-09-24,fall,,0.0
2012-09-25,fall,,0.0
2012-09-26,fall,,0.0
2012-09-27,fall,,0.0
2012-09-28,fall,,0.0
2012-09-29,fall,,5.9
2012-09-30,fall,,0.2
2012-10-01,fall,,0.0
2012-10-02,fall,,0.0
2012-10-03,fall,,0.8
2012-10-04,fall,,0.0
2012-10-05,fall,,7.4
2012-10-06,fall,,0.2
2012-10-07,fall,,0.0
2012-10-08,fall,,0.0
2012-10-09,fall,,0.0
2012-10-10,fall,,3.4
2012-10-11,fall,,0.5
2012-10-12,fall,,1.3
2012-10-13,fall,,9.9
2012-10-14,fall,,4.6
2012-10-15,fall,,1.3
2012-10-16,fall,,0.0
2012-10-17,fall,,4.0
2012-10-18,fall,,1.2
2012-10-19,fall,,9.6
2012-10-20,fall,,4.2
2012-10-21,fall,,0.2
2012-10-22,fall,,1.2
2012-10-23,fall,,6.4
2012-10-24,fall,,0.3
2012-10-25,fall,,0.0
2012-10-26,fall,,17.6
2012-10-27,fall,,17.3
2012-10-28,fall,,5.7
2012-10-29,fall,,14.8
2012-10-30,fall,,3.5
2012-10-31,fall,,4.0
2012-11-01,fall,2.4,2.4
2012-11-02,fall,0.8,1.0
2012-11-03,fall,0.5,0.25
2012-11-04,fall,0.0,0.0
2012-11-05,fall,0.0,0.1
2012-11-06,fall,0.0,0.0
2012-11-07,fall,0.0,0.0
2012-11-08,fall,0.0,0.0
2012-11-09,fall,,0.0
2012-11-10,fall,0.0,0.0
2012-11-11,fall,0.0,0.0
2012-11-12,fall,8.7,8.399999999999999
2012-11-13,fall,0.0,0.0
2012-11-14,fall,0.0,0.1
2012-11-15,fall,0.0,0.0
2012-11-16,fall,0.0,0.0
2012-11-17,fall,0.0,0.0
2012-11-18,fall,0.0,0.0
2012-11-19,fall,0.0,0.0
2012-11-20,fall,0.0,0.0
2012-11-21,fall,0.0,0.0
2012-11-22,fall,2.8,1.4
2012-11-23,fall,0.0,1.85
2012-11-24,fall,0.0,1.0
2012-11-25,fall,0.0,1.25
2012-11-26,fall,0.0,0.0
2012-11-27,fall,0.0,0.0
2012-11-28,fall,0.0,0.0
2012-11-29,fall,0.0,0.0
2012-11-30,fall,0.0,0.3
2012-12-01,winter,6.2,3.1
2012-12-02,winter,7.0,9.75
2012-12-03,winter,,0.0
2012-12-04,winter,8.3,7.85
2012-12-05,winter,0.0,0.2
2012-12-06,winter,0.0,0.0
2012-12-07,winter,2.2,1.4
2012-12-08,winter,2.0,2.0
2012-12-09,winter,5.8,4.45
2012-12-10,winter,0.8,2.4000000000000004
2012-12-11,winter,0.0,0.2
2012-12-12,winter,0.0,0.0
2012-12-13,winter,0.0,0.0
2012-12-14,winter,0.0,0.0
2012-12-15,winter,5.5,2.75
2012-12-16,winter,2.7,5.75
2012-12-17,winter,,0.0
2012-12-18,winter,2.1,1.6
2012-12-19,winter,0.7,0.35
2012-12-20,winter,16.1,18.3
2012-12-21,winter,0.0,4.3
2012-12-22,winter,0.0,0.0
2012-12-23,winter,0.0,0.0
2012-12-24,winter,0.0,0.65
2012-12-25,winter,0.0,0.0
2012-12-26,winter,0.0,7.65
2012-12-27,winter,0.0,1.05
2012-12-28,winter,0.0,0.3
2012-12-29,winter,0.0,3.65
2012-12-30,winter,0.0,0.0
2012-12-31,winter,0.0,0.0
2013-01-01,winter,0.0,0.4
2013-01-02,winter,0.0,0.0
2013-01-03,winter,0.0,0.0
2013-01-04,winter,0.0,0.0
2013-01-05,winter,0.0,0.9
2013-01-06,winter,0.0,1.35
2013-01-07,winter,0.0,0.0
2013-01-08,winter,0.0,0.0
2013-01-09,winter,0.0,0.0
2013-01-10,winter,5.2,2.6
2013-01-11,winter,7.5,9.2
2013-01-12,winter,24.2,12.2
2013-01-13,winter,3.6,15.05
2013-01-14,winter,0.0,0.2
2013-01-15,winter,0.0,0.0
2013-01-16,winter,0.0,0.0
2013-01-17,winter,0.0,0.0
2013-01-18,winter,0.0,0.0
2013-01-19,winter,0.0,0.15
2013-01-20,winter,0.0,0.2
2013-01-21,winter,0.0,0.55
2013-01-22,winter,0.0,0.75
2013-01-23,winter,0.0,1.65
2013-01-24,winter,0.0,0.5
2013-01-25,winter,0.0,2.45
2013-01-26,winter,0.0,0.0
2013-01-27,winter,0.0,4.65
2013-01-28,winter,6.5,9.7
2013-01-29,winter,36.3,37.55
2013-01-30,winter,6.8,6.15
2013-01-31,winter,0.0,2.6
2013-02-01,winter,0.0,0.6
2013-02-02,winter,0.0,2.1500000000000004
2013-02-03,winter,0.0,0.0
2013-02-04,winter,0.0,0.55
2013-02-05,winter,0.0,0.75
2013-02-06,winter,0.0,0.2
2013-02-07,winter,0.0,4.6
2013-02-08,winter,0.0,13.15
2013-02-09,winter,0.0,0.1
2013-02-10,winter,3.4,2.15
2013-02-11,winter,1.4,1.95
2013-02-12,winter,0.0,0.0
2013-02-13,winter,0.0,0.1
2013-02-14,winter,0.3,3.75
2013-02-15,winter,0.0,0.2
2013-02-16,winter,0.0,0.3
2013-02-17,winter,0.0,0.3
2013-02-18,winter,14.0,7.0
2013-02-19,winter,1.0,9.9
2013-02-20,winter,0.0,1.55
2013-02-21,winter,0.0,0.2
2013-02-22,winter,,2.7
2013-02-23,winter,0.0,0.8
2013-02-24,winter,0.0,0.6
2013-02-25,winter,0.0,0.0
2013-02-26,winter,8.8,12.85
2013-02-27,winter,0.0,6.3
2013-02-28,winter,0.0,1.7
2013-03-01,spring,0.0,0.0
2013-03-02,spring,0.0,0.2
2013-03-03,spring,0.0,0.0
2013-03-04,spring,0.0,0.0
2013-03-05,spring,0.0,0.0
2013-03-06,spring,0.0,0.0
2013-03-07,spring,0.0,0.5
2013-03-08,spring,0.0,0.0
2013-03-09,spring,0.0,0.1
2013-03-10,spring,4.0,2.0
2013-03-11,spring,19.4,21.35
2013-03-12,spring,0.0,2.1
2013-03-13,spring,0.0,1.4
2013-03-14,spring,0.0,0.0
2013-03-15,spring,0.0,1.45
2013-03-16,spring,0.0,1.35
2013-03-17,spring,0.0,0.35
2013-03-18,spring,1.3,3.25
2013-03-19,spring,0.0,4.2
2013-03-20,spring,0.0,0.2
2013-03-21,spring,0.0,2.15
2013-03-22,spring,0.0,0.2
2013-03-23,spring,0.0,0.0
2013-03-24,spring,0.0,0.1
2013-03-25,spring,0.0,1.4
2013-03-26,spring,0.0,0.0
2013-03-27,spring,0.0,0.4
2013-03-28,spring,0.0,0.0
2013-03-29,spring,0.0,0.1
2013-03-30,spring,0.0,0.0
2013-03-31,spring,2.7,2.0
2013-04-01,spring,0.0,1.3
2013-04-02,spring,0.0,0.0
2013-04-03,spring,0.0,0.35
2013-04-04,spring,0.0,0.0
2013-04-05,spring,0.0,0.0
2013-04-06,spring,,0.0
2013-04-07,spring,0.0,0.0
2013-04-08,spring,10.0,9.15
2013-04-09,spring,,36.4
2013-04-10,spring,17.0,18.7
2013-04-11,spring,16.5,13.85
2013-04-12,spring,8.2,10.8
2013-04-13,spring,0.4,0.35
2013-04-14,spring,0.0,0.0
2013-04-15,spring,,0.0
2013-04-16,spring,,2.5
2013-04-17,spring,,8.1
2013-04-18,spring,,5.3
2013-04-19,spring,,3.9
2013-04-20,spring,,1.5
2013-04-21,spring,,0.0
2013-04-22,spring,,0.0
2013-04-23,spring,,0.0
2013-04-24,spring,,9.7
2013-04-25,spring,,4.7
2013-04-26,spring,,0.0
2013-04-27,spring,,0.0
2013-04-28,spring,,10.8
2013-04-29,spring,,0.0
2013-04-30,spring,,0.0
2013-05-01,spring,,0.0
2013-05-02,spring,,0.0
2013-05-03,spring,,0.0
2013-05-04,spring,,0.0
2013-05-05,spring,,0.0
2013-05-06,spring,,0.0
2013-05-07,spring,,0.0
2013-05-08,spring,,1.2
2013-05-09,spring,,0.0
2013-05-10,spring,,5.9
2013-05-11,spring,,2.7
2013-05-12,spring,,0.3
2013-05-13,spring,,0.2
2013-05-14,spring,,1.0
2013-05-15,spring,,1.9
2013-05-16,spring,,0.0
2013-05-17,spring,,0.0
2013-05-18,spring,,0.0
2013-05-19,spring,,0.0
2013-05-20,spring,,0.0
2013-05-21,spring,,0.0
2013-05-22,spring,,1.7
2013-05-23,spring,,1.7
2013-05-24,spring,,0.0
2013-05-25,spring,,0.0
2013-05-26,spring,,0.0
2013-05-27,spring,,2.1
2013-05-28,spring,,61.0
2013-05-29,spring,,24.1
2013-05-30,spring,,0.3
2013-05-31,spring,,1.2
2013-06-01,summer,,3.5
2013-06-02,summer,,6.8
2013-06-03,summer,,0.0
2013-06-04,summer,,0.0
2013-06-05,summer,,0.0
2013-06-06,summer,,4.5
2013-06-07,summer,,0.0
2013-06-08,summer,,0.0
2013-06-09,summer,,0.0
2013-06-10,summer,,20.1
2013-06-11,summer,,2.8
2013-06-12,summer,,1.9
2013-06-13,summer,,10.0
2013-06-14,summer,,0.0
2013-06-15,summer,,0.0
2013-06-16,summer,,10.8
2013-06-17,summer,,0.2
2013-06-18,summer,,0.0
2013-06-19,summer,,0.0
2013-06-20,summer,,0.0
2013-06-21,summer,,0.0
2013-06-22,summer,,29.9
2013-06-23,summer,,0.0
2013-06-24,summer,,0.0
2013-06-25,summer,,0.0
2013-06-26,summer,,0.0
2013-06-27,summer,,0.8
2013-06-28,summer,,25.9
2013-06-29,summer,,0.0
2013-06-30,summer,,0.0
2013-07-01,summer,,0.0
2013-07-02,summer,,1.2
2013-07-03,summer,,
2013-07-04,summer,,9.1
2013-07-05,summer,,9.8
2013-07-06,summer,,2.9
2013-07-07,summer,,10.0
2013-07-08,summer,,9.0
2013-07-09,summer,,6.5
2013-07-10,summer,,6.9
2013-07-11,summer,,0.2
2013-07-12,summer,,0.0
2013-07-13,summer,,0.0
2013-07-14,summer,,0.0
2013-07-15,summer,,0.0
2013-07-16,summer,,0.0
2013-07-17,summer,,0.0
2013-07-18,summer,,0.0
2013-07-19,summer,,6.2
2013-07-20,summer,,0.4
2013-07-21,summer,,0.0
2013-07-22,summer,,0.0
2013-07-23,summer,,1.1
2013-07-24,summer,,0.0
2013-07-25,summer,,0.0
2013-07-26,summer,,0.0
2013-07-27,summer,,13.8
2013-07-28,summer,,2.3
2013-07-29,summer,,0.0
2013-07-30,summer,,0.0
2013-07-31,summer,,9.3
2013-08-01,summer,,1.8
2013-08-02,summer,,5.8
2013-08-03,summer,,0.2
2013-08-04,summer,,0.0
2013-08-05,summer,,0.0
2013-08-06,summer,,0.0
2013-08-07,summer,,16.8
2013-08-08,summer,,0.0
2013-08-09,summer,,0.0
2013-08-10,summer,,0.0
2013-08-11,summer,,0.0
2013-08-12,summer,,0.0
2013-08-13,summer,,0.0
2013-08-14,summer,,0.0
2013-08-15,summer,,0.0
2013-08-16,summer,,0.0
2013-08-17,summer,,0.0
2013-08-18,summer,,0.0
2013-08-19,summer,,0.0
2013-08-20,summer,,0.0
2013-08-21,summer,,0.0
2013-08-22,summer,,1.6
2013-08-23,summer,,0.0
2013-08-24,summer,,0.0
2013-08-25,summer,,0.0
2013-08-26,summer,,0.4
2013-08-27,summer,,0.4
2013-08-28,summer,,14.3
2013-08-29,summer,,
2013-08-30,summer,,0.0
2013-08-31,summer,,0.0
2013-09-01,fall,,0.0
2013-09-02,fall,,0.0
2013-09-03,fall,,2.1
2013-09-04,fall,,0.0
2013-09-05,fall,,0.0
2013-09-06,fall,,0.0
2013-09-07,fall,,2.5
2013-09-08,fall,,0.0
2013-09-09,fall,,0.0
2013-09-10,fall,,0.0
2013-09-11,fall,,41.2
2013-09-12,fall,,0.2
2013-09-13,fall,,
2013-09-14,fall,,0.0
2013-09-15,fall,,0.2
2013-09-16,fall,,0.0
2013-09-17,fall,,0.0
2013-09-18,fall,,0.0
2013-09-19,fall,,0.0
2013-09-20,fall,,69.7
2013-09-21,fall,,37.7
2013-09-22,fall,,0.0
2013-09-23,fall,,0.0
2013-09-24,fall,,0.0
2013-09-25,fall,,0.0
2013-09-26,fall,,0.0
2013-09-27,fall,,0.0
2013-09-28,fall,,0.0
2013-09-29,fall,,1.3
2013-09-30,fall,,0.7
2013-10-01,fall,,0.0
2013-10-02,fall,,0.0
2013-10-03,fall,,0.7
2013-10-04,fall,,12.3
2013-10-05,fall,,5.4
2013-10-06,fall,,39.3
2013-10-07,fall,,9.1
2013-10-08,fall,,0.0
2013-10-09,fall,,0.0
2013-10-10,fall,,0.0
2013-10-11,fall,,0.0
2013-10-12,fall,,0.0
2013-10-13,fall,,0.9
2013-10-14,fall,,0.0
2013-10-15,fall,,2.5
2013-10-16,fall,,1.7
2013-10-17,fall,,6.8
2013-10-18,fall,,0.3
2013-10-19,fall,,7.0
2013-10-20,fall,,0.0
2013-10-21,fall,,5.8
2013-10-22,fall,,0.0
2013-10-23,fall,,0.8
2013-10-24,fall,,16.1
2013-10-25,fall,,5.9
2013-10-26,fall,,8.0
2013-10-27,fall,,0.0
2013-10-28,fall,,
2013-10-29,fall,,
2013-10-30,fall,,0.0
2013-10-31,fall,,35.6
2013-11-01,fall,0.0,1.0
2013-11-02,fall,4.0,4.15
2013-11-03,fall,0.0,0.0
2013-11-04,fall,0.0,0.0
2013-11-05,fall,0.0,0.0
2013-11-06,fall,10.2,10.15
2013-11-07,fall,1.0,0.9
2013-11-08,fall,0.0,0.45
2013-11-09,fall,0.4,0.2
2013-11-10,fall,,0.0
2013-11-11,fall,4.0,6.85
2013-11-12,fall,0.0,2.9
2013-11-13,fall,0.0,0.0
2013-11-14,fall,0.0,0.0
2013-11-15,fall,0.0,0.0
2013-11-16,fall,1.2,0.6
2013-11-17,fall,5.6,5.75
2013-11-18,fall,0.0,0.2
2013-11-19,fall,0.0,0.1
2013-11-20,fall,0.0,0.0
2013-11-21,fall,7.4,6.1
2013-11-22,fall,1.6,2.6500000000000004
2013-11-23,fall,0.0,10.85
2013-11-24,fall,0.0,5.8
2013-11-25,fall,0.0,0.75
2013-11-26,fall,0.0,0.0
2013-11-27,fall,0.0,0.95
2013-11-28,fall,0.0,1.35
2013-11-29,fall,0.0,0.0
2013-11-30,fall,0.0,0.0
2013-12-01,winter,,0.3
2013-12-02,winter,0.0,0.0
2013-12-03,winter,1.6,1.0
2013-12-04,winter,0.0,1.65
2013-12-05,winter,0.0,0.0
2013-12-06,winter,0.0,0.0
2013-12-07,winter,0.0,0.0
2013-12-08,winter,0.0,1.3
2013-12-09,winter,0.0,1.2
2013-12-10,winter,0.0,0.1
2013-12-11,winter,0.0,1.6
2013-12-12,winter,0.0,0.2
2013-12-13,winter,0.0,1.25
2013-12-14,winter,0.0,9.05
2013-12-15,winter,0.0,0.55
2013-12-16,winter,0.0,0.7
2013-12-17,winter,0.0,3.2
2013-12-18,winter,0.0,0.2
2013-12-19,winter,2.2,1.55
2013-12-20,winter,7.5,8.45
2013-12-21,winter,23.8,22.05
2013-12-22,winter,4.8,8.05
2013-12-23,winter,0.0,1.4
2013-12-24,winter,0.0,1.4500000000000002
2013-12-25,winter,0.0,1.6
2013-12-26,winter,0.0,1.5
2013-12-27,winter,0.0,0.35
2013-12-28,winter,0.0,0.0
2013-12-29,winter,0.0,0.0
2013-12-30,winter,0.0,1.0
2013-12-31,winter,0.0,1.35
2014-01-01,winter,0.0,2.1
2014-01-02,winter,0.0,2.6
2014-01-03,winter,0.0,0.15
2014-01-04,winter,0.0,1.35
2014-01-05,winter,0.0,15.7
2014-01-06,winter,0.0,2.2
2014-01-07,winter,0.0,0.0
2014-01-08,winter,0.0,0.0
2014-01-09,winter,0.0,2.05
2014-01-10,winter,14.4,11.35
2014-01-11,winter,6.6,6.6
2014-01-12,winter,0.0,0.0
2014-01-13,winter,0.2,0.2
2014-01-14,winter,0.0,0.2
2014-01-15,winter,0.0,1.35
2014-01-16,winter,0.0,2.35
2014-01-17,winter,0.0,2.35
2014-01-18,winter,0.0,0.4
2014-01-19,winter,0.0,0.0
2014-01-20,winter,0.0,0.1
2014-01-21,winter,0.0,0.1
2014-01-22,winter,0.0,0.55
2014-01-23,winter,0.0,0.9
2014-01-24,winter,0.0,3.7
2014-01-25,winter,0.0,5.45
2014-01-26,winter,0.0,4.4
2014-01-27,winter,0.0,3.25
2014-01-28,winter,0.0,0.0
2014-01-29,winter,0.0,0.0
2014-01-30,winter,0.0,0.35
2014-01-31,winter,0.0,0.0
2014-02-01,winter,3.0,14.65
2014-02-02,winter,0.0,0.2
2014-02-03,winter,0.0,0.5
2014-02-04,winter,0.0,2.2
2014-02-05,winter,0.0,9.0
2014-02-06,winter,0.0,0.3
2014-02-07,winter,0.0,0.1
2014-02-08,winter,0.0,0.4
2014-02-09,winter,0.0,2.85
2014-02-10,winter,0.0,0.2
2014-02-11,winter,0.0,0.0
2014-02-12,winter,0.0,0.15
2014-02-13,winter,0.0,0.0
2014-02-14,winter,0.0,0.2
2014-02-15,winter,0.0,0.0
2014-02-16,winter,0.0,2.1
2014-02-17,winter,0.0,4.85
2014-02-18,winter,0.0,1.65
2014-02-19,winter,0.0,0.0
2014-02-20,winter,8.2,8.899999999999997
2014-02-21,winter,0.0,0.5
2014-02-22,winter,0.0,0.0
2014-02-23,winter,0.0,0.2
2014-02-24,winter,0.0,1.95
2014-02-25,winter,0.0,0.8
2014-02-26,winter,0.0,0.4
2014-02-27,winter,0.0,0.35
2014-02-28,winter,0.0,0.1
2014-03-01,spring,,4.45
2014-03-02,spring,0.0,0.1
2014-03-03,spring,0.0,0.0
2014-03-04,spring,0.0,0.5
2014-03-05,spring,0.0,0.0
2014-03-06,spring,0.0,0.0
2014-03-07,spring,0.0,0.0
2014-03-08,spring,0.0,0.0
2014-03-09,spring,0.0,0.0
2014-03-10,spring,0.0,0.0
2014-03-11,spring,0.0,0.0
2014-03-12,spring,0.0,10.35
2014-03-13,spring,0.0,0.1
2014-03-14,spring,,0.0
2014-03-15,spring,1.0,0.9
2014-03-16,spring,0.0,0.0
2014-03-17,spring,0.0,0.0
2014-03-18,spring,0.0,0.0
2014-03-19,spring,3.0,3.1
2014-03-20,spring,0.0,1.05
2014-03-21,spring,2.0,1.15
2014-03-22,spring,0.0,
2014-03-23,spring,0.0,0.2
2014-03-24,spring,0.0,0.5
2014-03-25,spring,0.0,1.0
2014-03-26,spring,0.0,0.1
2014-03-27,spring,5.4,5.45
2014-03-28,spring,1.2,1.1
2014-03-29,spring,,0.0
2014-03-30,spring,0.0,0.0
2014-03-31,spring,0.0,0.0
2014-04-01,spring,0.0,0.0
2014-04-02,spring,0.0,0.0
2014-04-03,spring,0.0,0.0
2014-04-04,spring,10.8,10.65
2014-04-05,spring,0.0,0.0
2014-04-06,spring,0.0,0.0
2014-04-07,spring,11.6,9.5
2014-04-08,spring,0.0,2.4
2014-04-09,spring,0.0,0.0
2014-04-10,spring,1.0,0.5
2014-04-11,spring,,0.0
2014-04-12,spring,6.0,5.05
2014-04-13,spring,0.0,0.15
2014-04-14,spring,2.3,4.95
2014-04-15,spring,,7.3
2014-04-16,spring,,0.2
2014-04-17,spring,,0.0
2014-04-18,spring,,0.0
2014-04-19,spring,,0.0
2014-04-20,spring,,0.0
2014-04-21,spring,,0.0
2014-04-22,spring,,4.2
2014-04-23,spring,,
2014-04-24,spring,,0.2
2014-04-25,spring,,2.4
2014-04-26,spring,,0.2
2014-04-27,spring,,0.0
2014-04-28,spring,,0.0
2014-04-29,spring,,21.9
2014-04-30,spring,,9.3
2014-05-01,spring,,1.9
2014-05-02,spring,,2.1
2014-05-03,spring,,3.2
2014-05-04,spring,,0.0
2014-05-05,spring,,0.0
2014-05-06,spring,,0.0
2014-05-07,spring,,0.0
2014-05-08,spring,,3.3
2014-05-09,spring,,0.0
2014-05-10,spring,,0.0
2014-05-11,spring,,0.0
2014-05-12,spring,,7.1
2014-05-13,spring,,13.9
2014-05-14,spring,,10.8
2014-05-15,spring,,13.5
2014-05-16,spring,,0.0
2014-05-17,spring,,3.7
2014-05-18,spring,,0.0
2014-05-19,spring,,0.0
2014-05-20,spring,,18.0
2014-05-21,spring,,0.6
2014-05-22,spring,,0.0
2014-05-23,spring,,0.0
2014-05-24,spring,,0.0
2014-05-25,spring,,0.0
2014-05-26,spring,,0.0
2014-05-27,spring,,3.2
2014-05-28,spring,,0.5
2014-05-29,spring,,
2014-05-30,spring,,0.0
2014-05-31,spring,,0.0
2014-06-01,summer,,0.0
2014-06-02,summer,,15.2
2014-06-03,summer,,3.2
2014-06-04,summer,,0.0
2014-06-05,summer,,0.0
2014-06-06,summer,,0.0
2014-06-07,summer,,0.0
2014-06-08,summer,,0.8
2014-06-09,summer,,0.0
2014-06-10,summer,,0.0
2014-06-11,summer,,16.1
2014-06-12,summer,,12.1
2014-06-13,summer,,10.5
2014-06-14,summer,,0.0
2014-06-15,summer,,0.0
2014-06-16,summer,,0.0
2014-06-17,summer,,0.0
2014-06-18,summer,,6.3
2014-06-19,summer,,0.0
2014-06-20,summer,,0.0
2014-06-21,summer,,0.0
2014-06-22,summer,,0.0
2014-06-23,summer,,4.9
2014-06-24,summer,,19.2
2014-06-25,summer,,0.0
2014-06-26,summer,,3.9
2014-06-27,summer,,0.0
2014-06-28,summer,,0.0
2014-06-29,summer,,4.0
2014-06-30,summer,,0.0
2014-07-01,summer,,0.6
2014-07-02,summer,,1.1
2014-07-03,summer,,0.2
2014-07-04,summer,,0.0
2014-07-05,summer,,0.0
2014-07-06,summer,,0.5
2014-07-07,summer,,26.9
2014-07-08,summer,,26.3
2014-07-09,summer,,0.0
2014-07-10,summer,,0.0
2014-07-11,summer,,0.0
2014-07-12,summer,,0.6
2014-07-13,summer,,0.0
2014-07-14,summer,,5.0
2014-07-15,summer,,0.2
2014-07-16,summer,,0.3
2014-07-17,summer,,0.0
2014-07-18,summer,,0.0
2014-07-19,summer,,8.3
2014-07-20,summer,,7.2
2014-07-21,summer,,0.0
2014-07-22,summer,,
2014-07-23,summer,,1.2
2014-07-24,summer,,0.0
2014-07-25,summer,,0.0
2014-07-26,summer,,0.0
2014-07-27,summer,,10.2
2014-07-28,summer,,13.9
2014-07-29,summer,,0.0
2014-07-30,summer,,0.0
2014-07-31,summer,,7.2
2014-08-01,summer,,0.0
2014-08-02,summer,,2.8
2014-08-03,summer,,0.0
2014-08-04,summer,,0.0
2014-08-05,summer,,5.7
2014-08-06,summer,,0.0
2014-08-07,summer,,0.0
2014-08-08,summer,,0.0
2014-08-09,summer,,0.0
2014-08-10,summer,,0.0
2014-08-11,summer,,19.4
2014-08-12,summer,,7.1
2014-08-13,summer,,0.0
2014-08-14,summer,,0.3
2014-08-15,summer,,0.0
2014-08-16,summer,,1.2
2014-08-17,summer,,0.0
2014-08-18,summer,,0.0
2014-08-19,summer,,2.3
2014-08-20,summer,,2.4
2014-08-21,summer,,0.2
2014-08-22,summer,,0.0
2014-08-23,summer,,
2014-08-24,summer,,0.0
2014-08-25,summer,,0.0
2014-08-26,summer,,2.4
2014-08-27,summer,,0.0
2014-08-28,summer,,0.0
2014-08-29,summer,,0.0
2014-08-30,summer,,0.0
2014-08-31,summer,,0.0
2014-09-01,fall,,7.0
2014-09-02,fall,,10.1
2014-09-03,fall,,0.0
2014-09-04,fall,,0.0
2014-09-05,fall,,50.4
2014-09-06,fall,,2.6
2014-09-07,fall,,0.0
2014-09-08,fall,,0.0
2014-09-09,fall,,0.0
2014-09-10,fall,,67.7
2014-09-11,fall,,1.6
2014-09-12,fall,,0.2
2014-09-13,fall,,6.2
2014-09-14,fall,,0.0
2014-09-15,fall,,1.0
2014-09-16,fall,,0.0
2014-09-17,fall,,0.0
2014-09-18,fall,,0.0
2014-09-19,fall,,0.0
2014-09-20,fall,,0.9
2014-09-21,fall,,3.1
2014-09-22,fall,,
2014-09-23,fall,,
2014-09-24,fall,,
2014-09-25,fall,,
2014-09-26,fall,,
2014-09-27,fall,,
2014-09-28,fall,,
2014-09-29,fall,,0.0
2014-09-30,fall,,14.2
2014-10-01,fall,,0.0
2014-10-02,fall,,0.0
2014-10-03,fall,,16.1
2014-10-04,fall,,4.1
2014-10-05,fall,,0.5
2014-10-06,fall,,2.3
2014-10-07,fall,,1.1
2014-10-08,fall,,0.0
2014-10-09,fall,,0.2
2014-10-10,fall,,0.0
2014-10-11,fall,,0.0
2014-10-12,fall,,0.0
2014-10-13,fall,,4.6
2014-10-14,fall,,10.1
2014-10-15,fall,,4.8
2014-10-16,fall,,0.8
2014-10-17,fall,,0.9
2014-10-18,fall,,4.2
2014-10-19,fall,,0.2
2014-10-20,fall,,0.9
2014-10-21,fall,,3.2
2014-10-22,fall,,0.0
2014-10-23,fall,,
2014-10-24,fall,,0.2
2014-10-25,fall,,0.0
2014-10-26,fall,,0.0
2014-10-27,fall,,0.0
2014-10-28,fall,,2.0
2014-10-29,fall,,0.9
2014-10-30,fall,,0.0
2014-10-31,fall,,7.2
2014-11-01,fall,0.0,0.1
2014-11-02,fall,0.0,0.0
2014-11-03,fall,0.0,0.0
2014-11-04,fall,3.9,3.65
2014-11-05,fall,0.0,0.0
2014-11-06,fall,9.8,9.15
2014-11-07,fall,0.0,0.0
2014-11-08,fall,2.4,2.1
2014-11-09,fall,0.0,0.0
2014-11-10,fall,0.0,0.0
2014-11-11,fall,0.6,0.3
2014-11-12,fall,0.0,0.0
2014-11-13,fall,0.0,0.0
2014-11-14,fall,0.0,0.7
2014-11-15,fall,0.0,0.0
2014-11-16,fall,0.0,3.8
2014-11-17,fall,0.0,3.4000000000000004
2014-11-18,fall,0.0,0.0
2014-11-19,fall,0.0,5.75
2014-11-20,fall,0.0,2.6
2014-11-21,fall,0.0,0.1
2014-11-22,fall,3.9,3.5
2014-11-23,fall,27.0,23.1
2014-11-24,fall,8.3,15.3
2014-11-25,fall,0.0,0.0
2014-11-26,fall,0.0,0.25
2014-11-27,fall,0.0,2.4
2014-11-28,fall,0.0,1.7
2014-11-29,fall,0.0,0.1
2014-11-30,fall,0.2,0.1
2014-12-01,winter,0.0,0.0
2014-12-02,winter,0.0,0.55
2014-12-03,winter,0.0,0.1
2014-12-04,winter,0.0,0.0
2014-12-05,winter,0.0,0.0
2014-12-06,winter,0.0,0.0
2014-12-07,winter,0.0,0.0
2014-12-08,winter,0.0,0.0
2014-12-09,winter,,0.0
2014-12-10,winter,0.0,0.0
2014-12-11,winter,0.0,0.0
2014-12-12,winter,,0.0
2014-12-13,winter,0.2,0.1
2014-12-14,winter,,0.0
2014-12-15,winter,2.2,1.1
2014-12-16,winter,5.1,6.25
2014-12-17,winter,1.0,2.5
2014-12-18,winter,,0.0
2014-12-19,winter,0.0,0.1
2014-12-20,winter,0.0,0.0
2014-12-21,winter,0.0,0.0
2014-12-22,winter,0.0,0.0
2014-12-23,winter,6.8,3.7
2014-12-24,winter,10.4,13.1
2014-12-25,winter,,0.0
2014-12-26,winter,0.0,0.0
2014-12-27,winter,2.4,2.35
2014-12-28,winter,0.0,0.1
2014-12-29,winter,0.0,0.2
2014-12-30,winter,0.0,0.0
2014-12-31,winter,0.0,0.0
2015-01-01,winter,0.0,0.0
2015-01-02,winter,0.0,0.0
2015-01-03,winter,18.6,20.65
2015-01-04,winter,4.0,11.05
2015-01-05,winter,0.0,1.9
2015-01-06,winter,0.0,1.95
2015-01-07,winter,0.0,9.15
2015-01-08,winter,0.0,3.35
2015-01-09,winter,0.0,0.2
2015-01-10,winter,0.0,0.1
2015-01-11,winter,0.0,3.1
2015-01-12,winter,0.0,1.4
2015-01-13,winter,0.0,0.1
2015-01-14,winter,0.0,0.0
2015-01-15,winter,0.0,0.15
2015-01-16,winter,0.0,0.35
2015-01-17,winter,0.0,
2015-01-18,winter,2.8,5.5
2015-01-19,winter,0.0,0.0
2015-01-20,winter,0.0,0.1
2015-01-21,winter,0.0,0.95
2015-01-22,winter,0.0,0.0
2015-01-23,winter,0.0,0.0
2015-01-24,winter,,0.5
2015-01-25,winter,0.0,0.1
2015-01-26,winter,0.0,0.0
2015-01-27,winter,0.0,0.1
2015-01-28,winter,0.0,0.0
2015-01-29,winter,,5.050000000000002
2015-01-30,winter,0.0,0.6
2015-01-31,winter,0.0,0.0
2015-02-01,winter,0.0,13.45
2015-02-02,winter,0.0,1.5
2015-02-03,winter,0.0,3.75
2015-02-04,winter,0.0,3.1
2015-02-05,winter,0.0,0.0
2015-02-06,winter,0.0,0.0
2015-02-07,winter,0.0,0.0
2015-02-08,winter,1.5,3.9
2015-02-09,winter,0.0,0.15
2015-02-10,winter,0.0,0.0
2015-02-11,winter,0.0,1.7999999999999998
2015-02-12,winter,0.0,0.95
2015-02-13,winter,0.0,3.75
2015-02-14,winter,0.0,1.6
2015-02-15,winter,0.0,0.1
2015-02-16,winter,0.0,0.1
2015-02-17,winter,0.0,0.1
2015-02-18,winter,0.0,0.7
2015-02-19,winter,0.0,0.2
2015-02-20,winter,0.0,0.25
2015-02-21,winter,0.0,2.95
2015-02-22,winter,0.0,0.2
2015-02-23,winter,0.0,0.1
2015-02-24,winter,0.0,1.5
2015-02-25,winter,0.0,0.2
2015-02-26,winter,0.0,0.2
2015-02-27,winter,0.0,0.1
2015-02-28,winter,,0.0
2015-03-01,spring,0.0,0.6
2015-03-02,spring,0.0,0.1
2015-03-03,spring,2.0,6.9
2015-03-04,spring,0.0,0.1
2015-03-05,spring,0.0,0.4
2015-03-06,spring,0.0,0.0
2015-03-07,spring,0.0,0.2
2015-03-08,spring,0.0,0.0
2015-03-09,spring,0.0,0.0
2015-03-10,spring,0.0,0.0
2015-03-11,spring,0.0,0.0
2015-03-12,spring,0.0,0.0
2015-03-13,spring,0.0,0.0
2015-03-14,spring,0.0,0.2
2015-03-15,spring,0.0,0.0
2015-03-16,spring,0.2,0.1
2015-03-17,spring,0.0,0.2
2015-03-18,spring,0.0,0.0
2015-03-19,spring,0.0,0.0
2015-03-20,spring,2.8,1.4
2015-03-21,spring,0.4,1.5
2015-03-22,spring,0.0,0.1
2015-03-23,spring,0.0,0.0
2015-03-24,spring,0.0,0.0
2015-03-25,spring,2.6,2.5
2015-03-26,spring,1.0,1.2
2015-03-27,spring,0.0,0.4
2015-03-28,spring,0.0,0.0
2015-03-29,spring,0.0,0.9
2015-03-30,spring,,0.2
2015-03-31,spring,0.0,1.4
2015-04-01,spring,0.0,0.0
2015-04-02,spring,5.0,4.7
2015-04-03,spring,1.8,1.7000000000000002
2015-04-04,spring,0.0,0.0
2015-04-05,spring,0.0,1.9
2015-04-06,spring,0.0,0.0
2015-04-07,spring,1.4,0.7
2015-04-08,spring,2.9,3.75
2015-04-09,spring,18.5,16.15
2015-04-10,spring,0.6,0.8
2015-04-11,spring,0.0,0.0
2015-04-12,spring,0.0,0.0
2015-04-13,spring,6.6,8.25
2015-04-14,spring,0.0,0.0
2015-04-15,spring,,0.0
2015-04-16,spring,,
2015-04-17,spring,,0.0
2015-04-18,spring,,0.0
2015-04-19,spring,,11.8
2015-04-20,spring,,7.3
2015-04-21,spring,,3.0
2015-04-22,spring,,5.2
2015-04-23,spring,,0.0
2015-04-24,spring,,0.0
2015-04-25,spring,,
2015-04-26,spring,,0.0
2015-04-27,spring,,0.2
2015-04-28,spring,,0.0
2015-04-29,spring,,0.0
2015-04-30,spring,,0.5
2015-05-01,spring,,0.0
2015-05-02,spring,,0.0
2015-05-03,spring,,0.0
2015-05-04,spring,,0.0
2015-05-05,spring,,2.7
2015-05-06,spring,,0.0
2015-05-07,spring,,0.0
2015-05-08,spring,,0.0
2015-05-09,spring,,3.0
2015-05-10,spring,,0.2
2015-05-11,spring,,0.5
2015-05-12,spring,,0.5
2015-05-13,spring,,0.0
2015-05-14,spring,,0.0
2015-05-15,spring,,0.0
2015-05-16,spring,,0.0
2015-05-17,spring,,0.2
2015-05-18,spring,,0.0
2015-05-19,spring,,0.0
2015-05-20,spring,,0.0
2015-05-21,spring,,0.0
2015-05-22,spring,,0.0
2015-05-23,spring,,0.0
2015-05-24,spring,,0.0
2015-05-25,spring,,0.0
2015-05-26,spring,,11.5
2015-05-27,spring,,1.5
2015-05-28,spring,,0.0
2015-05-29,spring,,0.0
2015-05-30,spring,,15.2
2015-05-31,spring,,24.9
2015-06-01,summer,,0.0
2015-06-02,summer,,0.0
2015-06-03,summer,,0.0
2015-06-04,summer,,
2015-06-05,summer,,0.0
2015-06-06,summer,,0.0
2015-06-07,summer,,7.0
2015-06-08,summer,,35.5
2015-06-09,summer,,0.2
2015-06-10,summer,,0.0
2015-06-11,summer,,0.0
2015-06-12,summer,,0.0
2015-06-13,summer,,0.0
2015-06-14,summer,,21.5
2015-06-15,summer,,0.8
2015-06-16,summer,,0.0
2015-06-17,summer,,0.0
2015-06-18,summer,,0.8
2015-06-19,summer,,0.0
2015-06-20,summer,,0.0
2015-06-21,summer,,0.0
2015-06-22,summer,,26.3
2015-06-23,summer,,21.5
2015-06-24,summer,,0.0
2015-06-25,summer,,0.0
2015-06-26,summer,,0.0
2015-06-27,summer,,38.0
2015-06-28,summer,,6.8
2015-06-29,summer,,13.6
2015-06-30,summer,,1.1
2015-07-01,summer,,0.0
2015-07-02,summer,,0.0
2015-07-03,summer,,0.0
2015-07-04,summer,,0.0
2015-07-05,summer,,0.0
2015-07-06,summer,,0.2
2015-07-07,summer,,21.0
2015-07-08,summer,,0.0
2015-07-09,summer,,
2015-07-10,summer,,0.0
2015-07-11,summer,,0.0
2015-07-12,summer,,0.0
2015-07-13,summer,,0.0
2015-07-14,summer,,16.9
2015-07-15,summer,,0.0
2015-07-16,summer,,0.0
2015-07-17,summer,,4.8
2015-07-18,summer,,0.0
2015-07-19,summer,,18.9
2015-07-20,summer,,0.0
2015-07-21,summer,,0.0
2015-07-22,summer,,0.0
2015-07-23,summer,,0.0
2015-07-24,summer,,0.0
2015-07-25,summer,,0.0
2015-07-26,summer,,0.0
2015-07-27,summer,,0.0
2015-07-28,summer,,0.0
2015-07-29,summer,,0.0
2015-07-30,summer,,0.0
2015-07-31,summer,,
2015-08-01,summer,,0.0
2015-08-02,summer,,
2015-08-03,summer,,2.9
2015-08-04,summer,,0.3
2015-08-05,summer,,0.0
2015-08-06,summer,,0.0
2015-08-07,summer,,0.0
2015-08-08,summer,,0.0
2015-08-09,summer,,0.0
2015-08-10,summer,,6.3
2015-08-11,summer,,0.0
2015-08-12,summer,,0.0
2015-08-13,summer,,0.0
2015-08-14,summer,,4.4
2015-08-15,summer,,0.0
2015-08-16,summer,,0.0
2015-08-17,summer,,0.0
2015-08-18,summer,,2.1
2015-08-19,summer,,0.0
2015-08-20,summer,,14.5
2015-08-21,summer,,0.0
2015-08-22,summer,,0.0
2015-08-23,summer,,2.9
2015-08-24,summer,,0.0
2015-08-25,summer,,0.0
2015-08-26,summer,,0.2
2015-08-27,summer,,1.0
2015-08-28,summer,,0.0
2015-08-29,summer,,
2015-08-30,summer,,0.0
2015-08-31,summer,,0.0
2015-09-01,fall,,0.0
2015-09-02,fall,,0.0
2015-09-03,fall,,29.7
2015-09-04,fall,,4.9
2015-09-05,fall,,0.0
2015-09-06,fall,,0.0
2015-09-07,fall,,0.0
2015-09-08,fall,,9.1
2015-09-09,fall,,3.9
2015-09-10,fall,,0.0
2015-09-11,fall,,4.5
2015-09-12,fall,,0.0
2015-09-13,fall,,0.0
2015-09-14,fall,,0.0
2015-09-15,fall,,0.0
2015-09-16,fall,,0.0
2015-09-17,fall,,0.0
2015-09-18,fall,,0.0
2015-09-19,fall,,6.6
2015-09-20,fall,,0.0
2015-09-21,fall,,0.0
2015-09-22,fall,,0.0
2015-09-23,fall,,0.0
2015-09-24,fall,,0.0
2015-09-25,fall,,0.0
2015-09-26,fall,,0.0
2015-09-27,fall,,0.0
2015-09-28,fall,,0.0
2015-09-29,fall,,4.3
2015-09-30,fall,,0.0
2015-10-01,fall,,0.0
2015-10-02,fall,,0.0
2015-10-03,fall,,6.6
2015-10-04,fall,,0.0
2015-10-05,fall,,0.0
2015-10-06,fall,,
2015-10-07,fall,,0.0
2015-10-08,fall,,1.4
2015-10-09,fall,,1.2
2015-10-10,fall,,0.0
2015-10-11,fall,,0.0
2015-10-12,fall,,0.0
2015-10-13,fall,,0.0
2015-10-14,fall,,2.0
2015-10-15,fall,,0.0
2015-10-16,fall,,5.2
2015-10-17,fall,,0.0
2015-10-18,fall,,1.7
2015-10-19,fall,,0.0
2015-10-20,fall,,0.6
2015-10-21,fall,,0.8
2015-10-22,fall,,0.0
2015-10-23,fall,,0.0
2015-10-24,fall,,17.5
2015-10-25,fall,,0.5
2015-10-26,fall,,0.0
2015-10-27,fall,,0.0
2015-10-28,fall,,33.8
2015-10-29,fall,,0.0
2015-10-30,fall,,0.4
2015-10-31,fall,,5.7
2015-11-01,fall,0.0,1.0
2015-11-02,fall,0.0,0.1
2015-11-03,fall,0.0,0.0
2015-11-04,fall,0.0,0.0
2015-11-05,fall,8.0,4.0
2015-11-06,fall,3.0,6.75
2015-11-07,fall,0.6,0.4
2015-11-08,fall,0.0,0.0
2015-11-09,fall,,0.0
2015-11-10,fall,10.5,10.05
2015-11-11,fall,2.8,1.65
2015-11-12,fall,0.5,1.4
2015-11-13,fall,4.8,4.3
2015-11-14,fall,0.0,0.0
2015-11-15,fall,0.0,0.0
2015-11-16,fall,0.0,0.0
2015-11-17,fall,0.0,0.0
2015-11-18,fall,4.9,3.5
2015-11-19,fall,0.0,1.1
2015-11-20,fall,0.0,0.0
2015-11-21,fall,0.2,9.95
2015-11-22,fall,0.0,1.35
2015-11-23,fall,0.0,0.0
2015-11-24,fall,0.0,0.0
2015-11-25,fall,0.0,0.0
2015-11-26,fall,0.0,0.0
2015-11-27,fall,11.8,11.6
2015-11-28,fall,0.0,0.0
2015-11-29,fall,0.0,0.1
2015-11-30,fall,0.0,0.0
2015-12-01,winter,1.2,1.5
2015-12-02,winter,1.2,1.2000000000000002
2015-12-03,winter,2.0,2.65
2015-12-04,winter,0.0,0.0
2015-12-05,winter,0.0,0.0
2015-12-06,winter,0.0,0.0
2015-12-07,winter,0.0,0.1
2015-12-08,winter,0.0,0.0
2015-12-09,winter,0.0,0.0
2015-12-10,winter,0.2,0.2
2015-12-11,winter,0.0,0.0
2015-12-12,winter,,0.0
2015-12-13,winter,2.9,1.75
2015-12-14,winter,6.0,6.5
2015-12-15,winter,0.3,0.35
2015-12-16,winter,1.6,1.2000000000000002
2015-12-17,winter,0.0,0.1
2015-12-18,winter,0.0,0.0
2015-12-19,winter,0.0,0.0
2015-12-20,winter,4.2,2.2
2015-12-21,winter,13.6,14.2
2015-12-22,winter,1.0,1.3
2015-12-23,winter,2.9,2.9
2015-12-24,winter,0.0,0.0
2015-12-25,winter,0.0,0.0
2015-12-26,winter,12.0,8.85
2015-12-27,winter,0.2,3.8
2015-12-28,winter,10.0,17.15
2015-12-29,winter,1.4,4.5
2015-12-30,winter,0.2,0.1
2015-12-31,winter,0.0,0.2
2016-01-01,winter,0.0,1.3
2016-01-02,winter,0.0,0.0
2016-01-03,winter,0.0,1.05
2016-01-04,winter,0.0,0.2
2016-01-05,winter,0.0,0.0
2016-01-06,winter,0.0,0.0
2016-01-07,winter,0.0,0.0
2016-01-08,winter,6.4,4.9
2016-01-09,winter,2.6,2.4000000000000004
2016-01-10,winter,9.8,13.3
2016-01-11,winter,0.0,3.65
2016-01-12,winter,0.0,3.25
2016-01-13,winter,0.0,2.45
2016-01-14,winter,0.0,8.65
2016-01-15,winter,8.2,7.3
2016-01-16,winter,0.0,
2016-01-17,winter,0.0,2.7
2016-01-18,winter,0.0,0.2
2016-01-19,winter,0.0,0.2
2016-01-20,winter,0.0,0.5
2016-01-21,winter,0.0,0.0
2016-01-22,winter,0.0,0.0
2016-01-23,winter,0.0,0.0
2016-01-24,winter,0.0,0.0
2016-01-25,winter,0.8,0.5
2016-01-26,winter,0.0,2.9
2016-01-27,winter,0.0,1.65
2016-01-28,winter,0.0,2.05
2016-01-29,winter,0.0,0.65
2016-01-30,winter,0.4,0.2
2016-01-31,winter,4.1,4.15
2016-02-01,winter,0.0,0.1
2016-02-02,winter,9.4,9.3
2016-02-03,winter,0.0,0.8
2016-02-04,winter,0.0,0.85
2016-02-05,winter,0.0,0.1
2016-02-06,winter,0.0,0.0
2016-02-07,winter,3.5,1.75
2016-02-08,winter,2.8,6.5
2016-02-09,winter,0.0,5.35
2016-02-10,winter,0.0,5.5
2016-02-11,winter,0.0,11.4
2016-02-12,winter,0.0,4.85
2016-02-13,winter,0.0,8.45
2016-02-14,winter,0.0,0.2
2016-02-15,winter,0.0,0.0
2016-02-16,winter,0.0,0.0
2016-02-17,winter,0.0,1.7000000000000002
2016-02-18,winter,0.0,0.1
2016-02-19,winter,0.5,0.25
2016-02-20,winter,0.0,0.0
2016-02-21,winter,0.0,0.0
2016-02-22,winter,0.0,0.0
2016-02-23,winter,0.0,0.0
2016-02-24,winter,20.6,18.950000000000006
2016-02-25,winter,0.0,2.05
2016-02-26,winter,0.0,0.2
2016-02-27,winter,0.0,0.0
2016-02-28,winter,4.4,2.2
2016-02-29,winter,0.2,1.85
2016-03-01,spring,1.0,9.65
2016-03-02,spring,0.0,5.199999999999998
2016-03-03,spring,0.0,0.2
2016-03-04,spring,0.0,0.0
2016-03-05,spring,0.0,0.2
2016-03-06,spring,,0.0
2016-03-07,spring,0.2,0.1
2016-03-08,spring,0.0,0.0
2016-03-09,spring,1.0,0.5
2016-03-10,spring,,3.3
2016-03-11,spring,0.0,0.0
2016-03-12,spring,0.0,0.0
2016-03-13,spring,2.4,1.6
2016-03-14,spring,5.2,6.0500000000000025
2016-03-15,spring,1.2,1.25
2016-03-16,spring,10.4,7.0
2016-03-17,spring,0.4,0.2
2016-03-18,spring,,0.0
2016-03-19,spring,0.0,0.1
2016-03-20,spring,0.0,0.0
2016-03-21,spring,0.0,0.25
2016-03-22,spring,2.6,1.85
2016-03-23,spring,15.6,11.55
2016-03-24,spring,25.0,30.4
2016-03-25,spring,0.0,0.1
2016-03-26,spring,0.0,0.0
2016-03-27,spring,16.2,11.1
2016-03-28,spring,6.4,10.05
2016-03-29,spring,0.0,0.1
2016-03-30,spring,12.4,6.2
2016-03-31,spring,38.0,42.95
2016-04-01,spring,0.0,1.0
2016-04-02,spring,0.0,3.1
2016-04-03,spring,0.0,7.6
2016-04-04,spring,0.0,0.0
2016-04-05,spring,0.0,0.1
2016-04-06,spring,20.4,14.15
2016-04-07,spring,0.0,5.85
2016-04-08,spring,0.0,0.0
2016-04-09,spring,0.0,0.1
2016-04-10,spring,12.4,16.1
2016-04-11,spring,1.2,4.75
2016-04-12,spring,0.0,0.0
2016-04-13,spring,0.0,0.0
2016-04-14,spring,0.0,0.0
2016-04-15,spring,,0.0
2016-04-16,spring,,0.0
2016-04-17,spring,,0.2
2016-04-18,spring,,0.0
2016-04-19,spring,,0.0
2016-04-20,spring,,0.0
2016-04-21,spring,,5.5
2016-04-22,spring,,0.0
2016-04-23,spring,,
2016-04-24,spring,,0.0
2016-04-25,spring,,0.0
2016-04-26,spring,,
2016-04-27,spring,,0.0
2016-04-28,spring,,0.0
2016-04-29,spring,,0.0
2016-04-30,spring,,1.8
2016-05-01,spring,,4.8
2016-05-02,spring,,8.3
2016-05-03,spring,,0.0
2016-05-04,spring,,0.0
2016-05-05,spring,,0.0
2016-05-06,spring,,0.0
2016-05-07,spring,,0.0
2016-05-08,spring,,0.0
2016-05-09,spring,,0.0
2016-05-10,spring,,0.0
2016-05-11,spring,,0.0
2016-05-12,spring,,6.2
2016-05-13,spring,,3.8
2016-05-14,spring,,6.4
2016-05-15,spring,,0.0
2016-05-16,spring,,0.0
2016-05-17,spring,,0.0
2016-05-18,spring,,0.0
2016-05-19,spring,,0.0
2016-05-20,spring,,0.0
2016-05-21,spring,,0.0
2016-05-22,spring,,0.2
2016-05-23,spring,,0.0
2016-05-24,spring,,0.0
2016-05-25,spring,,0.0
2016-05-26,spring,,0.4
2016-05-27,spring,,0.0
2016-05-28,spring,,0.0
2016-05-29,spring,,1.0
2016-05-30,spring,,0.0
2016-05-31,spring,,0.0
2016-06-01,summer,,0.0
2016-06-02,summer,,0.2
2016-06-03,summer,,0.0
2016-06-04,summer,,9.8
2016-06-05,summer,,21.6
2016-06-06,summer,,20.9
2016-06-07,summer,,0.9
2016-06-08,summer,,0.3
2016-06-09,summer,,0.0
2016-06-10,summer,,0.0
2016-06-11,summer,,0.0
2016-06-12,summer,,0.2
2016-06-13,summer,,0.0
2016-06-14,summer,,0.0
2016-06-15,summer,,1.3
2016-06-16,summer,,6.5
2016-06-17,summer,,0.0
2016-06-18,summer,,0.0
2016-06-19,summer,,0.0
2016-06-20,summer,,0.0
2016-06-21,summer,,0.0
2016-06-22,summer,,0.0
2016-06-23,summer,,0.0
2016-06-24,summer,,0.0
2016-06-25,summer,,
2016-06-26,summer,,0.0
2016-06-27,summer,,0.0
2016-06-28,summer,,1.2
2016-06-29,summer,,0.2
2016-06-30,summer,,0.0
2016-07-01,summer,,5.3
2016-07-02,summer,,0.0
2016-07-03,summer,,0.0
2016-07-04,summer,,0.0
2016-07-05,summer,,0.0
2016-07-06,summer,,0.0
2016-07-07,summer,,0.0
2016-07-08,summer,,18.1
2016-07-09,summer,,0.2
2016-07-10,summer,,0.0
2016-07-11,summer,,0.0
2016-07-12,summer,,0.0
2016-07-13,summer,,23.6
2016-07-14,summer,,3.6
2016-07-15,summer,,0.0
2016-07-16,summer,,0.0
2016-07-17,summer,,0.0
2016-07-18,summer,,
2016-07-19,summer,,0.0
2016-07-20,summer,,0.0
2016-07-21,summer,,0.0
2016-07-22,summer,,7.0
2016-07-23,summer,,0.0
2016-07-24,summer,,0.0
2016-07-25,summer,,2.8
2016-07-26,summer,,0.0
2016-07-27,summer,,0.0
2016-07-28,summer,,0.0
2016-07-29,summer,,5.5
2016-07-30,summer,,13.5
2016-07-31,summer,,11.5
2016-08-01,summer,,0.0
2016-08-02,summer,,0.0
2016-08-03,summer,,0.0
2016-08-04,summer,,0.0
2016-08-05,summer,,0.0
2016-08-06,summer,,0.0
2016-08-07,summer,,0.0
2016-08-08,summer,,0.0
2016-08-09,summer,,0.0
2016-08-10,summer,,0.0
2016-08-11,summer,,7.2
2016-08-12,summer,,50.4
2016-08-13,summer,,27.0
2016-08-14,summer,,0.0
2016-08-15,summer,,0.0
2016-08-16,summer,,18.6
2016-08-17,summer,,
2016-08-18,summer,,0.0
2016-08-19,summer,,0.0
2016-08-20,summer,,0.6
2016-08-21,summer,,3.2
2016-08-22,summer,,0.0
2016-08-23,summer,,0.0
2016-08-24,summer,,28.1
2016-08-25,summer,,33.7
2016-08-26,summer,,0.0
2016-08-27,summer,,1.6
2016-08-28,summer,,0.0
2016-08-29,summer,,0.0
2016-08-30,summer,,0.0
2016-08-31,summer,,0.0
2016-09-01,fall,,0.0
2016-09-02,fall,,0.0
2016-09-03,fall,,0.0
2016-09-04,fall,,
2016-09-05,fall,,0.0
2016-09-06,fall,,0.0
2016-09-07,fall,,11.9
2016-09-08,fall,,3.9
2016-09-09,fall,,0.0
2016-09-10,fall,,16.6
2016-09-11,fall,,0.0
2016-09-12,fall,,0.0
2016-09-13,fall,,4.1
2016-09-14,fall,,0.7
2016-09-15,fall,,0.0
2016-09-16,fall,,0.0
2016-09-17,fall,,13.3
2016-09-18,fall,,0.0
2016-09-19,fall,,0.0
2016-09-20,fall,,0.0
2016-09-21,fall,,0.0
2016-09-22,fall,,0.0
2016-09-23,fall,,0.0
2016-09-24,fall,,0.0
2016-09-25,fall,,0.0
2016-09-26,fall,,5.3
2016-09-27,fall,,0.0
2016-09-28,fall,,0.0
2016-09-29,fall,,4.4
2016-09-30,fall,,10.1
2016-10-01,fall,,10.7
2016-10-02,fall,,7.1
2016-10-03,fall,,0.2
2016-10-04,fall,,0.0
2016-10-05,fall,,
2016-10-06,fall,,
2016-10-07,fall,,0.0
2016-10-08,fall,,0.0
2016-10-09,fall,,0.0
2016-10-10,fall,,0.0
2016-10-11,fall,,0.0
2016-10-12,fall,,2.2
2016-10-13,fall,,0.3
2016-10-14,fall,,0.0
2016-10-15,fall,,0.0
2016-10-16,fall,,0.4
2016-10-17,fall,,0.0
2016-10-18,fall,,0.0
2016-10-19,fall,,0.0
2016-10-20,fall,,12.1
2016-10-21,fall,,2.6
2016-10-22,fall,,0.5
2016-10-23,fall,,0.4
2016-10-24,fall,,0.9
2016-10-25,fall,,0.2
2016-10-26,fall,,7.9
2016-10-27,fall,,3.8
2016-10-28,fall,,0.0
2016-10-29,fall,,0.0
2016-10-30,fall,,0.8
2016-10-31,fall,,0.0
2016-11-01,fall,0.0,0.0
2016-11-02,fall,18.4,12.3
2016-11-03,fall,0.0,5.95
2016-11-04,fall,0.0,0.1
2016-11-05,fall,0.0,0.0
2016-11-06,fall,0.0,0.0
2016-11-07,fall,0.0,0.0
2016-11-08,fall,2.4,2.25
2016-11-09,fall,0.0,0.0
2016-11-10,fall,0.0,0.0
2016-11-11,fall,0.0,0.0
2016-11-12,fall,0.0,0.0
2016-11-13,fall,0.0,0.0
2016-11-14,fall,0.0,0.0
2016-11-15,fall,,0.0
2016-11-16,fall,0.0,0.1
2016-11-17,fall,0.0,0.1
2016-11-18,fall,2.5,1.25
2016-11-19,fall,5.0,9.85
2016-11-20,fall,0.0,4.0
2016-11-21,fall,0.0,0.0
2016-11-22,fall,0.0,0.0
2016-11-23,fall,5.8,4.75
2016-11-24,fall,1.4,2.15
2016-11-25,fall,4.0,4.3
2016-11-26,fall,1.0,1.35
2016-11-27,fall,0.0,0.0
2016-11-28,fall,7.4,4.7
2016-11-29,fall,,4.1
2016-11-30,fall,3.8,2.5
2016-12-01,winter,2.8,1.4
2016-12-02,winter,5.2,5.25
2016-12-03,winter,1.7,2.75
2016-12-04,winter,2.8,3.25
2016-12-05,winter,0.0,0.6
2016-12-06,winter,3.4,3.1
2016-12-07,winter,0.0,0.0
2016-12-08,winter,0.0,5.25
2016-12-09,winter,0.0,4.7
2016-12-10,winter,0.0,0.0
2016-12-11,winter,0.0,18.55
2016-12-12,winter,0.0,1.55
2016-12-13,winter,,0.4
2016-12-14,winter,0.0,1.25
2016-12-15,winter,0.0,0.2
2016-12-16,winter,0.0,5.75
2016-12-17,winter,1.4,4.15
2016-12-18,winter,0.0,1.25
2016-12-19,winter,0.0,0.0
2016-12-20,winter,0.0,0.0
2016-12-21,winter,0.0,0.0
2016-12-22,winter,0.0,0.0
2016-12-23,winter,4.0,2.15
2016-12-24,winter,0.5,2.5
2016-12-25,winter,,0.0
2016-12-26,winter,14.6,13.85
2016-12-27,winter,0.0,0.1
2016-12-28,winter,0.0,1.4
2016-12-29,winter,0.0,4.45
2016-12-30,winter,0.0,1.1
2016-12-31,winter,0.0,0.1
2017-01-01,winter,0.0,0.0
2017-01-02,winter,7.0,3.75
2017-01-03,winter,10.8,11.4
2017-01-04,winter,0.0,0.7999999999999999
2017-01-05,winter,0.0,1.85
2017-01-06,winter,0.0,0.0
2017-01-07,winter,0.0,1.15
2017-01-08,winter,0.0,8.25
2017-01-09,winter,0.0,2.15
2017-01-10,winter,10.0,16.1
2017-01-11,winter,10.2,9.4
2017-01-12,winter,2.2,3.05
2017-01-13,winter,0.0,0.1
2017-01-14,winter,0.0,0.0
2017-01-15,winter,0.0,0.0
2017-01-16,winter,7.2,3.85
2017-01-17,winter,10.4,11.8
2017-01-18,winter,0.2,0.25
2017-01-19,winter,0.0,0.0
2017-01-20,winter,1.8,1.8
2017-01-21,winter,0.0,0.0
2017-01-22,winter,,0.0
2017-01-23,winter,0.2,0.30000000000000004
2017-01-24,winter,0.2,0.1
2017-01-25,winter,1.2,0.95
2017-01-26,winter,1.0,1.45
2017-01-27,winter,0.0,1.4500000000000002
2017-01-28,winter,0.0,2.25
2017-01-29,winter,0.0,0.30000000000000004
2017-01-30,winter,0.0,0.7
2017-01-31,winter,0.0,4.4
2017-02-01,winter,0.0,0.45
2017-02-02,winter,0.0,0.2
2017-02-03,winter,0.0,0.0
2017-02-04,winter,0.0,0.30000000000000004
2017-02-05,winter,0.0,1.55
2017-02-06,winter,0.0,0.0
2017-02-07,winter,17.0,17.2
2017-02-08,winter,0.0,0.45
2017-02-09,winter,0.0,1.2
2017-02-10,winter,0.0,1.3
2017-02-11,winter,1.0,0.5
2017-02-12,winter,8.0,10.05
2017-02-13,winter,0.0,0.2
2017-02-14,winter,0.0,0.8
2017-02-15,winter,0.0,2.9000000000000004
2017-02-16,winter,0.0,0.8500000000000001
2017-02-17,winter,0.0,0.0
2017-02-18,winter,0.0,0.0
2017-02-19,winter,0.0,0.0
2017-02-20,winter,0.0,0.0
2017-02-21,winter,2.6,1.3
2017-02-22,winter,0.0,0.0
2017-02-23,winter,2.0,1.0
2017-02-24,winter,17.4,16.049999999999994
2017-02-25,winter,,5.6
2017-02-26,winter,0.0,0.0
2017-02-27,winter,0.0,0.0
2017-02-28,winter,36.0,25.1
2017-03-01,spring,2.6,10.25
2017-03-02,spring,0.0,2.0
2017-03-03,spring,0.0,2.95
2017-03-04,spring,0.0,0.0
2017-03-05,spring,0.0,0.0
2017-03-06,spring,10.2,6.4
2017-03-07,spring,1.0,4.1
2017-03-08,spring,0.0,0.0
2017-03-09,spring,0.0,0.0
2017-03-10,spring,0.0,2.15
2017-03-11,spring,0.0,1.25
2017-03-12,spring,0.0,0.0
2017-03-13,spring,0.0,3.5
2017-03-14,spring,0.0,0.1
2017-03-15,spring,0.0,1.1
2017-03-16,spring,0.0,0.2
2017-03-17,spring,0.0,1.1
2017-03-18,spring,0.0,0.2
2017-03-19,spring,0.0,0.3
2017-03-20,spring,0.0,0.25
2017-03-21,spring,0.0,0.0
2017-03-22,spring,0.0,0.0
2017-03-23,spring,1.2,0.6
2017-03-24,spring,4.0,2.35
2017-03-25,spring,0.6,7.6
2017-03-26,spring,8.0,6.05
2017-03-27,spring,0.2,0.2
2017-03-28,spring,0.0,0.0
2017-03-29,spring,0.0,0.0
2017-03-30,spring,29.7,29.25
2017-03-31,spring,1.0,1.2
2017-04-01,spring,0.0,0.0
2017-04-02,spring,,0.0
2017-04-03,spring,5.0,3.15
2017-04-04,spring,5.0,7.4
2017-04-05,spring,4.8,3.35
2017-04-06,spring,18.0,20.7
2017-04-07,spring,0.0,0.6
2017-04-08,spring,0.0,0.0
2017-04-09,spring,0.0,0.0
2017-04-10,spring,10.6,8.55
2017-04-11,spring,1.6,2.2
2017-04-12,spring,,0.2
2017-04-13,spring,0.0,0.0
2017-04-14,spring,0.4,0.2
2017-04-15,spring,,3.1
2017-04-16,spring,,0.0
2017-04-17,spring,,0.0
2017-04-18,spring,,0.0
2017-04-19,spring,,0.4
2017-04-20,spring,,43.8
2017-04-21,spring,,0.3
2017-04-22,spring,,0.0
2017-04-23,spring,,0.0
2017-04-24,spring,,0.0
2017-04-25,spring,,4.1
2017-04-26,spring,,0.0
2017-04-27,spring,,2.9
2017-04-28,spring,,0.0
2017-04-29,spring,,0.0
2017-04-30,spring,,15.7
2017-05-01,spring,,7.9
2017-05-02,spring,,2.8
2017-05-03,spring,,0.2
2017-05-04,spring,,26.9
2017-05-05,spring,,20.0
2017-05-06,spring,,2.3
2017-05-07,spring,,0.0
2017-05-08,spring,,0.2
2017-05-09,spring,,0.0
2017-05-10,spring,,0.0
2017-05-11,spring,,1.3
2017-05-12,spring,,0.0
2017-05-13,spring,,3.0
2017-05-14,spring,,0.2
2017-05-15,spring,,0.0
2017-05-16,spring,,3.8
2017-05-17,spring,,0.0
2017-05-18,spring,,1.0
2017-05-19,spring,,0.0
2017-05-20,spring,,0.0
2017-05-21,spring,,31.4
2017-05-22,spring,,0.0
2017-05-23,spring,,0.0
2017-05-24,spring,,1.9
2017-05-25,spring,,19.8
2017-05-26,spring,,0.2
2017-05-27,spring,,0.0
2017-05-28,spring,,0.7
2017-05-29,spring,,9.8
2017-05-30,spring,,
2017-05-31,spring,,0.0
2017-06-01,summer,,0.0
2017-06-02,summer,,0.0
2017-06-03,summer,,0.0
2017-06-04,summer,,12.2
2017-06-05,summer,,0.0
2017-06-06,summer,,0.5
2017-06-07,summer,,0.0
2017-06-08,summer,,0.0
2017-06-09,summer,,0.0
2017-06-10,summer,,0.0
2017-06-11,summer,,0.0
2017-06-12,summer,,0.0
2017-06-13,summer,,0.0
2017-06-14,summer,,0.0
2017-06-15,summer,,0.0
2017-06-16,summer,,0.0
2017-06-17,summer,,4.1
2017-06-18,summer,,4.8
2017-06-19,summer,,1.7
2017-06-20,summer,,3.3
2017-06-21,summer,,0.0
2017-06-22,summer,,8.7
2017-06-23,summer,,11.8
2017-06-24,summer,,1.6
2017-06-25,summer,,5.7
2017-06-26,summer,,9.3
2017-06-27,summer,,0.3
2017-06-28,summer,,0.0
